name,num,name,num,name,num,name,num,name,num,name,num,name,num,name,num,name,num,name,num
quart,0.17334273078426715,vac,0.26630232430996453,ultra,0.34434674477039473,gain,0.20589575122460832,sal,0.3726941635740522,ice,0.2280123701902467,kan,0.271478980066651,xenical,0.29956690064713265,mac,0.3234899759017259,nad,0.2865732369649328
queensland,0.1733427307842478,weeks,0.19984880004048955,ultrasound,0.17218500907893572,gabon,0.2058957512245879,radio,0.3583937684804288,ic,0.228012370190238,kara,0.27147898006663884,xii,0.2995669006471008,ea,0.2750427837316891,cal,0.25646857567815046
quartz,0.1733427307842105,waters,0.1998488000404184,ugly,0.17218500907118017,gale,0.20589575122457204,rad,0.3583937684725065,icon,0.22801237019023599,kaplan,0.2714789800589183,xanax,0.2995669006470504,da,0.2598259257536475,na,0.14329834681252915
qualitative,0.17334273078419887,valentine,0.13316050133005122,ultrasonic,0.1721850090711504,gallon,0.2058957512167569,sacks,0.18635498046572785,ian,0.22801237019020737,kappa,0.2714789800589153,xiii,0.29956690063925545,machinery,0.161756688220915,nairobi,0.143298346812391
quarter,0.17334273078412074,valium,0.13316050133003773,ultima,0.1721850090709394,galloway,0.20589575121674547,saints,0.18635498045775528,ict,0.2280123701902038,kat,0.2714789800588212,yrs,0.23289304246046877,macro,0.16175668822090955,naples,0.14329834681228235
quantitative,0.17334273077649837,val,0.13316050132996698,ultram,0.17218500907090195,gala,0.20589575121672712,sa,0.1863549804576813,ics,0.22801237019018608,jail,0.17769148851831776,young,0.23289304246044282,machine,0.16175668821310496,nap,0.14329834680458609
quilt,0.1733427307764299,vaccine,0.13316050132994783,udp,0.17218500907089362,gag,0.20589575121671955,sailors,0.18635498044985616,iceland,0.2280123701824576,jake,0.1776914885182178,york,0.23289304245261175,mackay,0.16175668821308692,nail,0.14329834680449424
quality,0.17334273077639775,values,0.1331605013299218,uganda,0.17218500906333783,galactic,0.20589575121669687,sacred,0.1863549804498357,ich,0.22801237018230774,jensen,0.17769148851819636,yale,0.2328930424525927,labrador,0.14837571795779986,naked,0.14329834680448927
quantity,0.17334273077638257,valentines,0.13316050132989654,ultraviolet,0.17218500906323791,gage,0.2058957512166537,saddle,0.18635498044981497,ibn,0.22801237018220824,jack,0.17769148851819538,yeast,0.2328930424525804,lacrosse,0.1483757179577379,nails,0.14329834680441336
qd,0.17334273077638127,validity,0.1331605013298747,uae,0.17218500906317746,fantasy,0.14455991779410768,sacrifice,0.1863549804497882,hai,0.2095521186884183,jar,0.17769148851819117,yield,0.23289304245248368,laboratories,0.14837571795766194,nan,0.14329834680438586
quiet,0.17334273077638077,valley,0.13316050132986348,ultimate,0.17218500906309936,fans,0.14455991778640953,sac,0.18635498044975674,hall,0.20955211868841633,jargon,0.17769148851818864,yakima,0.23289304245248146,label,0.14837571795000715,nano,0.14329834679661688
queens,0.1733427307763764,vacuum,0.13316050132985274,tables,0.16874059982028466,facilities,0.14455991778639057,safety,0.18635498044971235,hahn,0.20955211868841467,james,0.17769148851817937,yorkshire,0.23289304244471778,labeled,0.1483757179499982,bacteria,0.14141551357777857
quantum,0.17334273077634618,vaccination,0.13316050132976062,tac,0.1687405998201509,faint,0.14455991778639007,safe,0.18635498044969864,habitat,0.20955211868833692,jennings,0.17769148851816458,yellow,0.2328930424446985,labor,0.14837571794994492,baby,0.1414155135777023
quick,0.17334273077622336,vagina,0.13316050132975238,tags,0.16874059981999867,falls,0.1445599177862935,racial,0.17920478290307304,halls,0.20955211868830878,jet,0.1776914885181585,ab,0.18751839955262398,labeling,0.14837571794991822,backbone,0.14141551356996487
quasi,0.17334273076856777,value,0.13316050132214613,taboo,0.1687405998122854,fading,0.14455991778628835,radiation,0.17920478290306346,hacking,0.20955211868829535,jacob,0.17769148851814348,abc,0.18751839954474697,laboratory,0.14837571794985685,backward,0.14141551356986296
quarterly,0.17334273076843723,vaginal,0.13316050132209062,tablet,0.16874059981223097,fab,0.14455991778628483,radioactive,0.17920478290305658,habit,0.20955211868825405,jerk,0.17769148851813757,abba,0.09376791513714677,lac,0.14837571794985618,bac,0.14141551356981372
pains,0.16746338222488294,zipper,0.13122205057747047,tab,0.1687405998121909,families,0.1445599177862811,rabbit,0.17920478290300723,half,0.20955211868825338,japanese,0.1776914885180681,abbreviations,0.0937679151371256,la,0.14837571794978205,bacon,0.14141551356978682
paired,0.1674633822248588,zones,0.13122205057742953,tailed,0.1687405998121176,facing,0.14455991778627444,radiant,0.1792047829029009,halfway,0.20955211868824364,jacket,0.17769148851801528,abatement,0.09376791513712539,earth,0.13753309212767245,backing,0.1414155135697076
packing,0.16746338222470802,zone,0.13122205056962627,tail,0.1687405998121018,facilitated,0.14455991778624627,radial,0.17920478290288375,hack,0.20955211868043772,jacobs,0.17769148851801275,abe,0.09376791512938795,eagle,0.13753309212758968,bacterial,0.1414155135696391
pack,0.16746338221702295,zinc,0.1312220505696012,tal,0.16874059981209452,fahrenheit,0.14455991778624042,race,0.17920478289519873,hair,0.20955211868041043,jamestown,0.1776914885180062,abbott,0.09376791512936712,ear,0.13753309212755266,background,0.14141551356198864
pale,0.16746338221695226,zoloft,0.13122205056959033,table,0.1687405998120597,faculty,0.14455991778624003,radical,0.17920478289515232,hairy,0.20955211868039159,jamaica,0.17769148851799624,aaa,0.09376791512936483,eastern,0.13753309212752396,caffeine,0.12824601616432846
pad,0.16746338221695137,zero,0.1312220505695396,tad,0.16874059981202377,fantasies,0.14455991778623895,mac,0.000399979574472676,bacon,0.021933491462979057,jackson,0.17769148851030225,abdominal,0.09376791512934449,eaton,0.1375330921275172,cage,0.12824601616432
page,0.16746338221694673,zebra,0.13122205056953948,tag,0.1687405998043897,factor,0.14455991778623656,cal,0.00034491855703666933,bacterial,0.021933491462951073,jameson,0.17769148851029293,abi,0.09376791512929722,east,0.13753309212734768,cac,0.1282460161565268
painful,0.16746338221694487,zeta,0.13122205056953676,tagged,0.16874059980433187,facilitation,0.1445599177862208,xiii,0.0003322001741852401,backbone,0.021933491455086763,jaw,0.17769148851025016,aa,0.09376791512929716,ears,0.13753309212733314,cabinet,0.12824601615651066
pac,0.16746338221694357,zoning,0.13122205056943098,tack,0.16874059980431164,facilitating,0.14455991778615027,xii,0.00033220017413442676,bac,0.02193349145508224,jelly,0.17769148851011388,quart,0.0014441989663628357,echo,0.13753309211966044,cabbage,0.12824601615650255
pa,0.1674633822169408,wandering,0.09993374063770229,tactic,0.1687405998042304,face,0.14455991778614138,xanax,0.00033220016641648974,bacteria,0.02193349145505629,sal,0.0004204036747596287,quasi,0.0014441989662762706,eating,0.137533092119597,cake,0.12824601615650194
painters,0.16746338221693924,websites,0.09993374063756996,cal,0.111925933591139,fabrication,0.14455991778612923,xenical,0.00033220016631272477,backward,0.021933491447217505,rad,0.0004043868229942198,quiet,0.0014441989662666796,early,0.13753309211956616,cad,0.128246016156482
paddle,0.16746338221690427,walk,0.09993374063749604,mac,0.10216343305546087,facial,0.14455991778612642,vac,0.0003160944162506744,background,0.021933491447116676,radio,0.00040438681491278787,quartz,0.0014441989662442388,dan,0.12992466314649725,cable,0.12824601615639966
pair,0.1674633822168602,water,0.09993374063746426,bacteria,0.061760278199174345,faculties,0.14455991778611338,kara,0.00030628684257409336,baby,0.02193349144708023,mac,0.000403466227928625,quick,0.0014441989662323969,daisy,0.1299246631386944,ca,0.12824601615631387
pain,0.16746338221683726,walker,0.09993374062980652,bacon,0.061760278199139776,fac,0.14455991777851762,kaplan,0.00030628684246004873,backing,0.021933491447022904,cal,0.0003478772233157128,qd,0.0014441989661857877,dance,0.12992466313866535,oblique,0.12817553599361434
paint,0.16746338221682316,watson,0.09993374062975484,bacterial,0.06176027819906685,failure,0.1445599177784257,kappa,0.0003062868346988166,cal,0.0019235401245957255,xanax,0.00033737749520863514,quilt,0.0014441989584271493,dale,0.12992466313865764,oath,0.12817553599352538
pacific,0.16746338221680426,wards,0.09993374062970818,baby,0.061760278199066626,factors,0.14455991777841137,kat,0.00030628683461343556,cake,0.0009700389181107684,xiii,0.0003373774950858884,quality,0.0014441989584013835,dad,0.12992466313864245,oasis,0.1281755359934628
pads,0.16746338221680418,watt,0.09993374062970717,bac,0.06176027819129064,facilitate,0.1445599177783825,kan,0.00030628683458988056,caffeine,0.0009700389103909495,xenical,0.00033737748720967135,quantum,0.001444198958396391,dam,0.12992466313864218,oakley,0.12817553599341938
packed,0.16746338221678256,waterfall,0.09993374062970507,backbone,0.06176027819126811,facility,0.14455991777838237,yakima,0.0002692334671354833,cad,0.0009700389103613431,xii,0.0003373774871789234,quarter,0.0014441989583936527,dana,0.12992466313863318,object,0.128175535993402
vac,0.05378247889600699,watering,0.09993374062970477,backing,0.061760278191265325,family,0.14455991777835553,yeast,0.0002692334593085242,cage,0.0009700389102589587,vac,0.00031931509241088784,queens,0.0014441989583896797,dalton,0.12992466313859316,obesity,0.1281755359934017
vaccination,0.026899897932989948,watkins,0.09993374062970445,backward,0.06176027819126307,far,0.1445599177783045,yorkshire,0.0002692334593001249,cac,0.0009700389102259041,young,0.0002717174353891335,quantitative,0.001444198958389409,dancing,0.12992466313859036,occ,0.1281755359933927
vagina,0.026899897932987315,weir,0.09993374062968967,background,0.06176027819125933,fan,0.14455991777828262,yale,0.0002692334592933766,cabbage,0.0009700389102144561,yrs,0.000271717435366832,qualitative,0.0014441989583613899,daily,0.12992466313848955,obstruction,0.12817553599338813
valentines,0.02689989793294139,ward,0.09993374062968655,cad,0.05597460348831562,fall,0.1445599177782528,yellow,0.00026923345919099536,cabinet,0.0009700389102035885,yorkshire,0.0002717174353492829,quarterly,0.0014441989583542695,damp,0.12992466313831366,occasional,0.1281755359933681
validity,0.026899897932923557,wedge,0.09993374062968173,cabinet,0.05597460348822149,label,0.03200259291218655,young,0.00026923345918684384,ca,0.0009700389102024116,yakima,0.0002717174353105437,queensland,0.0014441989582991035,dal,0.12992466313076562,obsession,0.1281755359933249
vaccine,0.02689989793279737,wall,0.09993374062966322,cabbage,0.055974603488155375,laboratories,0.03200259291214535,yield,0.00026923345916020575,cable,0.0009700389023555656,yeast,0.0002717174352452926,quantity,0.0014441989582987319,dac,0.12992466313070034,obscure,0.12817553598569592
value,0.026899897932769423,warm,0.09993374062965867,cake,0.055974603488105325,labrador,0.0320025929043153,york,0.00026923345146383736,ea,0.0008398541215237236,york,0.00027171742751797457,pair,0.0013956317482787378,nad,0.008161110993730718,objective,0.1281755359856789
valium,0.026899897932758324,waves,0.09993374062965855,caffeine,0.055974603488073635,laboratory,0.03200259290430174,yrs,0.0002692334514341609,da,0.0007934145718169599,yellow,0.000271717427513996,pains,0.0013956317481999415,na,0.00409225576784089,oct,0.12817553598566178
valentine,0.026899897932632984,warmth,0.09993374062965688,cage,0.05597460348796182,la,0.03200259290429689,nad,0.0002653688562911109,ear,0.0004281959130684356,yale,0.00027171742747830686,painters,0.001395631748165529,nap,0.004092255759858122,occupational,0.12817553598561274
valley,0.026899897925061478,weather,0.09993374062965142,cac,0.05597460348048604,labeled,0.03200259290428265,ea,0.00026002938941457296,eagle,0.00042819591305532555,yield,0.0002717174273492938,pad,0.001395631748162875,nairobi,0.004092255759834087,obstetrics,0.12817553598561188
vacuum,0.02689989792500688,wavelength,0.09993374062964058,cable,0.05597460347255554,labeling,0.032002592904274346,da,0.00024581362861892406,early,0.00042819591292061137,nad,0.00027033341629309314,painful,0.0013956317481603512,nano,0.004092255759808707,obese,0.12817553598558887
val,0.026899897924994,wasting,0.09993374062962239,ca,0.055974603472480844,lac,0.032002592904248714,icon,0.0002448035944125121,eastern,0.0004281959129136716,ea,0.0002649959287273358,packing,0.0013956317481447725,nails,0.004092255759752423,oak,0.12817553598552273
values,0.026899897924948315,weekend,0.09993374062961193,machine,0.05109335321167196,labor,0.03200259290414239,ibn,0.00024480359437417947,eaton,0.00042819591291188376,da,0.0002504108613681212,pacific,0.0013956317481315992,nan,0.004092255759748892,occult,0.12817553598546488
vaginal,0.026899897917146785,walking,0.09993374062958822,macro,0.051093353211603014,lacrosse,0.03200259289642305,ic,0.0002448035943085412,ears,0.0004281959128763463,ict,0.00024821444030211396,pack,0.0013956317481178203,nail,0.004092255751957429,occupancy,0.12817553598543596
ab,0.00180415986977366,wave,0.09993374062958398,machinery,0.05109335320366737,mac,0.0034189094065226098,ict,0.0002448035942843458,eating,0.00042819591286522946,iceland,0.0002482144402944016,paint,0.0013956317480833653,naked,0.004092255751923152,ea,0.008065368735333771
abc,0.0018041598696508852,waveform,0.09993374062958078,mackay,0.05109335320362924,mackay,0.0017178869880716237,ian,0.0002448035942547373,earth,0.00042819591281121315,ic,0.00024821444019397005,pac,0.0013956317480811773,naples,0.004092255751865131,da,0.007619839187362331
xiii,0.001336653401164612,wear,0.09993374062956055,labeled,0.046740149559042536,macro,0.0017178869879376287,ich,0.00024480359423250894,echo,0.00042819591280368597,icon,0.00024821444017583374,pads,0.001395631748061942,oct,0.003662252633165215,earth,0.004044412689776156
xenical,0.00133665339330738,warren,0.0999337406295568,labeling,0.04674014955904232,machinery,0.0017178869802266337,ice,0.00024480358653519073,east,0.00042819590505123293,ian,0.00024821444013423236,paddle,0.001395631748053307,obscure,0.003662252633157917,ear,0.004044412681772325
xanax,0.0013366533932229565,waste,0.09993374062955525,laboratory,0.04674014955891456,machine,0.001717886980098703,iceland,0.0002448035864038803,dad,0.0004049761381225092,ibn,0.00024821444013409043,paired,0.001395631740235493,oath,0.0036622526331339025,eastern,0.0040444126817551496
xii,0.0013366533930356968,watch,0.09993374062952998,lac,0.04674014955888874,nad,0.0011746305045081775,ics,0.0002448035863607809,dalton,0.0004049761380126151,ice,0.00024821444002212574,page,0.0013956317402116663,obstetrics,0.003662252633088887,echo,0.004044412681748834
abba,0.0009107446397784522,waist,0.09993374062950793,labrador,0.04674014955881729,naked,0.0005957475412098732,ultra,0.00023738742302128216,dam,0.00040497613799851266,ich,0.0002482144322434327,pain,0.0013956317402059356,obese,0.003662252633073571,eaton,0.0040444126817224734
abbreviations,0.0009107446397588284,weight,0.09993374062187496,la,0.04674014955880355,nails,0.0005957475410678577,halls,0.00022568657712197985,daisy,0.00040497613796046784,ics,0.00024821443224044945,pale,0.0013956317402050692,oakley,0.0036622526329874623,early,0.004044412681669159
abbott,0.0009107446319651884,watershed,0.09993374062187127,lacrosse,0.046740149558739716,nairobi,0.0005957475333337151,hall,0.00022568657712107533,damp,0.0004049761379594674,ultra,0.0002416772671820062,packed,0.0013956317401476932,occupancy,0.0036622526329357,ears,0.004044412681556408
aa,0.0009107446319629474,washing,0.0999337406218457,label,0.046740149551247,naples,0.0005957475333294603,habitat,0.00022568657706431924,dac,0.00040497613795344124,halfway,0.0002287568751395521,pa,0.0013956317322431236,obsession,0.003662252632923692,east,0.004044412681554431
abi,0.0009107446319238515,webster,0.09993374062184364,labor,0.04674014955115186,nap,0.0005957475332964025,hack,0.00022568657698618933,dana,0.00040497613794680007,habitat,0.0002287568675497899,sal,0.0003805887545598253,oblique,0.0036622526253051913,eagle,0.004044412673936726
abatement,0.0009107446318322026,web,0.09993374062181698,laboratories,0.04674014955096208,nan,0.0005957475332084472,hahn,0.0002256865769733941,dan,0.0004049761379453053,halls,0.0002287568674815886,mac,0.0003760498880906219,objective,0.0036622526252701893,eating,0.004044412673861414
abe,0.0009107446318265286,wash,0.09993374062181291,sal,0.0002825529193626012,na,0.0005957475332053926,half,0.00022568657696433146,daily,0.0004049761379426869,hacking,0.00022875686747388107,rad,0.00036624238560664933,occupational,0.0036622526252294467,dam,0.0038216479195874765
abdominal,0.0009107446317525566,washed,0.0999337406218114,radio,0.0002718588594852934,nail,0.0005957475332030134,hair,0.0002256865769452909,dal,0.00040497613025185946,hall,0.00022875686747237734,radio,0.00036624238553226065,oasis,0.0036622526252274882,damp,0.003821647919163849
aaa,0.0009107446238908108,weber,0.0999337406217925,rad,0.00027185885162994846,nano,0.0005957475331846596,halfway,0.00022568657693289825,dale,0.0004049761301070619,hair,0.00022875686742854486,cal,0.00032521159434937224,occasional,0.003662252625183397,dance,0.0038216479117216934
sal,0.00038029743555555265,warning,0.09993374062178385,xanax,0.00023546642847644986,occupational,0.000533843690556403,hacking,0.0002256865691255425,dancing,0.00040497613008903604,hack,0.0002287568673629449,kara,0.0002827371163458594,obstruction,0.003662252625141191,dana,0.003821647911703782
radio,0.0003657287807757718,war,0.0999337406217368,xiii,0.00023546642073620817,obesity,0.0005338436828061905,hai,0.00022568656912002848,dance,0.0004049761300694801,habit,0.00022875686733683638,kat,0.0002827371084025179,oak,0.0036622526251363545,dal,0.003821647911701364
rad,0.0003657287807308414,weak,0.09993374062170247,xii,0.00023546642065851755,obstetrics,0.0005338436827784587,habit,0.00022568656910121145,sal,0.0004040397468039486,hairy,0.00022875686732588374,kappa,0.00028273710836310877,occ,0.0036622526251288917,dan,0.003821647911687872
mac,0.0003548310454144247,walt,0.09993374062170181,xenical,0.0002354664206285726,obese,0.0005338436826738799,hairy,0.00022568656909575265,radio,0.00038859759011161714,hai,0.00022875685946404566,kaplan,0.0002827371083480279,obesity,0.00366225262511506,dalton,0.003821647911665272
cal,0.00030649940128175653,wee,0.09993374062169193,kan,0.00021458950596576378,occupancy,0.0005338436826716865,labrador,0.00022150193032265402,rad,0.0003885975821981736,hahn,0.00022875685944233947,kan,0.0002827371082849858,object,0.00366225262511444,dale,0.00382164791166464
kat,0.0002829238444657826,wax,0.09993374062168452,kara,0.00021458950588053766,oak,0.0005338436826631221,label,0.00022150193026952675,xanax,0.0003259507935630159,half,0.00022875685944008433,nad,0.00024755296301063917,occult,0.0036622526250536577,dac,0.0038216479116619964
kan,0.00028292384445180533,waking,0.09993374062165723,kat,0.00021458949803292277,objective,0.0005338436826605412,la,0.0002215019301375463,xiii,0.0003259507855879074,labeling,0.00022323373326448077,ea,0.00024298377553497912,ian,0.000523736002184828,dancing,0.003821647911591844
kaplan,0.00028292384427769054,yellow,0.016999390191744485,kaplan,0.00021458949802989228,oct,0.0005338436826570213,laboratories,0.00022150193012484667,xii,0.00032595078554865193,laboratory,0.00022323373316507082,ultra,0.00023094681436026257,ibn,0.0005237360021631877,daily,0.003821647911506575
kara,0.00028292382870025087,young,0.016999390191726554,kappa,0.00021458949793620824,occult,0.0005338436826511964,lac,0.00022150193011838206,xenical,0.0003259507778301976,lac,0.00022323373312778866,da,0.00022985446046650676,iceland,0.0005237360021155345,daisy,0.003821647903896461
kappa,0.000282923828638446,yeast,0.01699939019167412,vac,0.00020516818730418742,oblique,0.0005338436826476764,labor,0.00022150192228821892,vac,0.0003042577400206786,lacrosse,0.0002232337253987609,ich,0.00022814304128607754,icon,0.0005237359943922797,dad,0.0038216479038466517
nad,0.00025266610012544247,yorkshire,0.016999390191641393,yorkshire,0.00017374912969629687,object,0.0005338436826370155,lacrosse,0.00022150192225993355,kaplan,0.00029952864300156884,labrador,0.0002232337253177067,iceland,0.00022814303354307849,ic,0.0005237359943036306,galactic,0.000652916927361047
ea,0.0002482474878029364,york,0.016999390183824032,yakima,0.00017374912203132383,obstruction,0.0005338436826308653,labeled,0.00022150192223408682,kappa,0.0002995286352513844,labor,0.00022323372527846615,ibn,0.00022814303353074783,ics,0.0005237359942860956,gage,0.0006529169273600295
da,0.00023448348553136285,yield,0.016999390183808253,yellow,0.00017374912199813559,obsession,0.0005338436826241935,laboratory,0.00022150192217803083,kat,0.00029952863515159963,la,0.00022323372526671217,ic,0.0002281430335303333,ice,0.0005237359864955951,galloway,0.0006529169272440004
ics,0.0002265772225196012,yakima,0.01699939018378953,yale,0.00017374912190634527,oasis,0.0005338436825508763,labeling,0.00022150192213291772,kara,0.00029952863514448716,label,0.00022323372525706278,ian,0.00022814303352058747,ict,0.0005237359864580868,gala,0.000652916919656317
ian,0.00022657722241461824,yale,0.01699939018377529,young,0.000173749121881164,obscure,0.0005338436825141494,gain,0.00021962445241122426,kan,0.00029952863512638494,laboratories,0.00022323372523721776,ics,0.00022814303351995316,ich,0.0005237359864263277,gag,0.0006529169196373997
iceland,0.00022657721455674227,yrs,0.01699939018371427,yrs,0.0001737491217935914,occ,0.0005338436748030748,gale,0.00021962444465255514,yellow,0.00025858992678924885,labeled,0.00022323372523688317,ice,0.00022814303350223743,hair,0.0004827466845718041,gabon,0.0006529169195580181
ibn,0.00022657721453667125,sal,0.0003542355052596816,yield,0.00017374912176468715,oakley,0.0005338436747726134,gag,0.00021962444461510894,yeast,0.0002585899267472051,gain,0.00022275361006132035,ict,0.00022814303346074127,halls,0.0004827466844596134,gain,0.00065291691954237
ich,0.00022657721452471182,mac,0.00034870586538517437,yeast,0.0001737491217212083,oath,0.0005338436747467955,gabon,0.00021962444461118407,yakima,0.0002585899266098841,gale,0.00022275361004524507,icon,0.00022814302558061883,hahn,0.00048274667681965717,gallon,0.0006529169194455874
ice,0.0002265772145194437,radio,0.0003409644273264972,york,0.00017374911387989798,occasional,0.0005338436746642771,galactic,0.00021962444460701066,york,0.0002585899188867854,gala,0.00022275361004396962,habitat,0.00021054591659965425,hall,0.00048274667668281215,gale,0.0006529169193318637
ic,0.00022657721451684932,rad,0.00034096442727189665,ab,0.0001700299684247872,sal,0.00039914594736736067,gallon,0.00021962444453465496,yorkshire,0.00025858991887306134,gage,0.00022275360999482005,hack,0.00021054591654055458,hai,0.00048274667667797265,faculties,0.00046409005194491214
icon,0.00022657720670188523,cal,0.000302317039161398,abc,0.0001700299604050398,radio,0.00038391795441966787,galloway,0.0002196244445085968,young,0.0002585899187973601,gallon,0.00022275360219281944,habit,0.00021054591651244173,halfway,0.00048274667664915537,fans,0.00046409005192942686
ict,0.00022657720668461034,kaplan,0.0002650504220296229,sacks,0.00015291315748632256,rad,0.0003839179544041305,gala,0.00021962444450086065,yrs,0.0002585899187778594,galloway,0.00022275360215742463,hall,0.00021054591650142632,hack,0.0004827466766394302,factors,0.0004640900519250041
ultra,0.0002262450732831907,kat,0.00026505041401433406,safety,0.00015291315744319928,xenical,0.00032218589310320614,gage,0.0002196244444644965,yale,0.0002585899187434417,gag,0.00022275360215248143,hacking,0.00021054590867611498,hairy,0.0004827466766072904,facilitating,0.0004640900518661997
hacking,0.00020883269123330586,kappa,0.00026505040623280176,saints,0.00015291314947714907,xiii,0.000322185885230522,baby,0.00021857929669574262,yield,0.00025858991871797327,gabon,0.00022275360212322987,hahn,0.00021054590863293172,habit,0.00048274667659710434,facilities,0.0004640900518177524
hai,0.0002088326911545021,kan,0.0002650504061648179,sa,0.00015291314177090016,xanax,0.00032218588521800866,bacterial,0.00021857929668793363,gallon,0.0002522175380076646,galactic,0.0002227536020280876,halls,0.00021054590858667142,hacking,0.0004827466765925878,fahrenheit,0.00046409005177118327
half,0.00020883269110782252,kara,0.00026505040610690095,sac,0.00015291314171517612,xii,0.00032218588505507557,bacteria,0.00021857929666909315,gale,0.00025221753797683886,abc,0.00022148621840408308,hairy,0.0002105459085857278,half,0.00048274667653885547,factor,0.00046409005173141034
habitat,0.00020883268347453334,nad,0.00023812434401974085,saddle,0.0001529131416802928,vac,0.00030091640505356467,backbone,0.00021857929657899484,gabon,0.0002522175379526344,ab,0.00022148621056950884,half,0.00021054590856084654,habitat,0.00048274667642233393,fantasies,0.000464090044051513
hairy,0.00020883268341650806,ea,0.00023439522764330835,sacred,0.00015291314167153148,kan,0.0002960830050315604,backing,0.00021857928886456673,gage,0.0002522175379329096,backward,0.00022033507706812364,hair,0.0002105459007650458,sal,0.00027016626737376946,face,0.0004640900440141131
hack,0.00020883268337053997,ultra,0.0002283078159761152,safe,0.00015291314166031623,kappa,0.00029608300502029813,bacon,0.00021857928882994463,gain,0.00025221753786142055,backing,0.00022033506926397823,hai,0.0002105459007433209,rad,0.00026032068268265544,family,0.0004640900440138358
habit,0.00020883268336116076,da,0.00022163731389447078,sailors,0.00015291314163480267,kaplan,0.0002960830050142021,bac,0.00021857928882397968,gala,0.0002522175378438799,bac,0.00022033506920925215,halfway,0.00021054590072925726,radio,0.0002603206825452435,fac,0.00046409004399348286
hair,0.00020883268333875808,ice,0.0002153212821619403,sacrifice,0.00015291314154399792,kara,0.0002960830050048865,background,0.00021857928882366417,galloway,0.0002522175299738726,bacon,0.00022033506920116452,labor,0.00020899028668905408,xanax,0.00022098778980612444,faint,0.0004640900439693488
hall,0.00020883268333630705,icon,0.0002153212820809875,radical,0.0001475661234194977,kat,0.0002960829970373205,backward,0.00021857928882196292,galactic,0.00025221752997129954,background,0.0002203350691992384,labeling,0.00020899028665397707,xii,0.00022098778188352796,fantasy,0.00046409004395771844
halfway,0.00020883268327865286,ibn,0.00021532128207440475,radial,0.00014756611569376752,ic,0.0002776244641238443,ab,0.00021728765953605013,gag,0.0002522175299631715,baby,0.0002203350691899242,laboratories,0.00020899028659495745,xiii,0.0002209877818771116,fall,0.0004640900439523894
hahn,0.0002088326832779808,ich,0.00021532128207327666,racial,0.00014756611568273842,iceland,0.0002776244640907524,abc,0.00021728765950222254,ab,0.00021699304923992116,bacteria,0.00022033506915209892,la,0.00020899028658002018,xenical,0.00022098778180473224,facility,0.00046409004394967263
halls,0.0002088326755142567,iceland,0.00021532128206779182,rabbit,0.00014756611567090028,ict,0.00027762446409011955,machinery,0.0002078884540646675,abc,0.00021699304147315736,backbone,0.0002203350690636426,lacrosse,0.00020899028657758004,vac,0.00020777157131107667,facilitation,0.0004640900439257568
galloway,0.00020428797770604218,ian,0.00021532128205084056,radiant,0.00014756611561888896,ice,0.0002776244640829266,machine,0.00020788845405582323,sacred,0.0002102887256637062,bacterial,0.00022033506905151017,laboratory,0.00020899028657471919,kara,0.0002040827294632262,fan,0.0004640900439226464
gag,0.00020428797761498212,ics,0.0002153212820200365,radiation,0.00014756611558746044,ibn,0.0002776244640711933,macro,0.00020788845402132782,saints,0.00021028872558173414,saints,0.0002180276739781294,labeled,0.00020899028655443135,kaplan,0.00020408272936859134,faculty,0.00046409004391961286
gallon,0.00020428796989567822,ic,0.00021532127429243586,race,0.00014756611556205614,ian,0.000277624464071162,mackay,0.0002078884461560803,sacks,0.00021028872557343173,sacks,0.000218027666090671,lac,0.00020899028654892965,kappa,0.00020408272163549698,falls,0.0004640900438939955
gala,0.00020428796983334643,ict,0.0002153212742399694,radioactive,0.0001475661077186616,ich,0.00027762446405504225,jerk,0.00020363781072536832,safety,0.00021028872556426355,sacrifice,0.00021802766602290206,labrador,0.00020899027886557765,kat,0.00020408272159237975,failure,0.0004640900438906645
galactic,0.00020428796983243608,hall,0.0001987329159191589,jelly,0.00014478514268739145,ics,0.0002776244640384434,jameson,0.0002036378107208618,sailors,0.00021028872556205742,safety,0.00021802766594054355,label,0.00020899027880516178,kan,0.00020408272148286075,far,0.0004640900438844951
gage,0.0002042879698125168,halfway,0.00019873291591890525,jacket,0.0001447851426864352,icon,0.0002776244639902137,jamestown,0.00020363781070962506,safe,0.000210288725538956,sa,0.00021802766590465564,bacteria,0.00020664999546351432,yale,0.00017684199677934535,facial,0.00046409004387778244
gabon,0.00020428796981159157,halls,0.0001987329158376958,jackson,0.0001447851426377233,habitat,0.0002557951935591806,jack,0.00020363781063554917,saddle,0.00021028872552438543,sailors,0.00021802765821726905,bac,0.000206649995368221,young,0.00017684198912244675,facing,0.00046409004386034684
gain,0.0002042879697363642,hack,0.0001987329158217268,james,0.00014478514261055843,hairy,0.000255795193525231,jaw,0.00020363781057791317,sac,0.00021028871773160426,saddle,0.00021802765817629063,background,0.000206649987671729,yakima,0.00017684198912168352,facilitated,0.0004640900437554836
gale,0.0002042879619710521,hacking,0.00019873291581880642,jaw,0.00014478514259956977,hai,0.000255795185801773,jail,0.00020363780299026144,sa,0.0002102887176627944,sac,0.00021802765811406317,backbone,0.00020664998766837451,yeast,0.0001768419890590838,fading,0.00046409003627811393
safe,0.00019881343298061764,hair,0.00019873291581589024,jacob,0.0001447851425819064,hack,0.00025579518568078174,jamaica,0.00020363780296749805,sacrifice,0.00021028871751585282,sacred,0.00021802765806522496,bacterial,0.00020664998765251968,yorkshire,0.0001768419890437558,facilitate,0.0004640900361838427
sacrifice,0.00019881343296663652,habitat,0.00019873291571929246,jennings,0.00014478514248868863,hair,0.0002557951856638466,jacob,0.00020363780296145717,radiation,0.00020256764721023496,safe,0.00021802765804410456,bacon,0.0002066499876249559,yrs,0.00017684198896426257,fab,0.00046409003609953965
sac,0.00019881343295629944,hahn,0.00019873290804161357,jerk,0.0001447851424289871,halls,0.0002557951856548632,jake,0.00020363780291655855,radioactive,0.0002025676470878668,radiant,0.00021001924006980408,baby,0.00020664998759765653,yield,0.00017684198113848075,families,0.00046409003601987275
saints,0.00019881343295474296,half,0.00019873290804040496,japanese,0.00014478514239572515,half,0.00025579518564043034,james,0.00020363780289198353,racial,0.00020256763938230235,race,0.00021001923238105262,backing,0.00020664998758377828,york,0.0001768419811077604,fabrication,0.0004640900359493402
sacred,0.00019881343294198575,habit,0.00019873290794416622,jake,0.0001447851423370992,habit,0.00025579518551500317,jar,0.0002036378028774251,race,0.00020256763936248433,radioactive,0.00021001923237440684,backward,0.00020664998757727725,yellow,0.0001768419810811488,sal,0.0002718332827122617
sacks,0.00019881343288010976,hai,0.00019873290791722786,jamaica,0.00014478513482915075,halfway,0.00025579518546771845,jargon,0.00020363780286223172,radical,0.000202567639337767,racial,0.00021001923236810082,gain,0.00020503598682753828,ab,0.00015209399850739193,radio,0.000261927900933187
safety,0.00019881343287263937,hairy,0.00019873290788645183,jamestown,0.00014478513480186423,hall,0.0002557951778144873,jackson,0.00020363780285399962,radiant,0.00020256763932108635,radical,0.000210019232352673,gage,0.00020503598680258477,abc,0.00015209399838269217,rad,0.0002619278931417263
saddle,0.00019881343282107954,laboratory,0.0001943749450531987,jargon,0.00014478513477142138,hahn,0.0002557951778046988,jet,0.0002036378028474781,rabbit,0.00020256763930384745,rabbit,0.00021001923231280981,gag,0.00020503598673486705,sailors,0.00014678340053864608,xanax,0.0002221493658583457
sa,0.0001988134328027973,lacrosse,0.00019437494502305718,jar,0.0001447851347513734,hacking,0.0002557951776632172,jacobs,0.00020363780283972135,radial,0.00020256763930346562,radiation,0.00021001923223453768,galloway,0.00020503598672577642,sacrifice,0.00014678340053136366,xii,0.00022214936582277292
sailors,0.00019881342501249739,labeling,0.0001943749449665706,jensen,0.000144785134735931,yorkshire,0.00025558694567076563,jacket,0.00020363780282990247,jacobs,0.00019886972230615056,radial,0.0002100192321843387,galactic,0.00020503598671828686,safe,0.00014678340044422457,xiii,0.00022214936582244725
labor,0.00019755406102054405,lac,0.00019437493714235399,jameson,0.0001447851347348185,young,0.00025558693794106957,jelly,0.0002036378028110685,jar,0.00019886972223077864,mackay,0.00020955894660722985,gabon,0.00020503598671652208,saddle,0.00014678340040476034,xenical,0.00022214936573683024
la,0.00019755406098366575,labeled,0.00019437493713001148,jet,0.00014478513472794034,yellow,0.0002555869379177634,japanese,0.00020363780274802515,jackson,0.00019886972222245614,machinery,0.00020955894652692608,gallon,0.00020503597890226933,safety,0.00014678340039830476,vac,0.0002097504143427947
labeled,0.00019755406093460343,laboratories,0.00019437493711646465,jail,0.00014478513468790162,yale,0.00025558693791104736,jensen,0.00020363779487902965,jail,0.00019886972222046205,machine,0.0002095589388041279,gale,0.00020503597885579853,sacks,0.00014678339268878093,kaplan,0.00020527813969414965
lac,0.00019755406091943238,label,0.00019437493706701332,jack,0.0001447851346698294,yield,0.0002555869377837944,jennings,0.00020363779485634465,jameson,0.00019886972221963364,macro,0.00020955893873230108,gala,0.00020503597884575223,sac,0.00014678339265395332,kara,0.00020527813200350997
label,0.00019755406088408967,labor,0.00019437493700791644,jacobs,0.00014478513451877476,yakima,0.000255586937770988,waters,0.00019659212200880057,jet,0.00019886972218486758,weeks,0.00019891341814118067,sacred,0.0001990097645998301,saints,0.00014678339257333424,kappa,0.00020527813198770612
laboratories,0.00019755406085993998,labrador,0.0001943749369820097,weeks,0.00013893745552427154,yeast,0.0002555869300731443,weeks,0.0001965921141068733,jelly,0.00019886972217066543,waters,0.00019891341042580253,safety,0.0001990097567487581,sacred,0.00014678339246574767,kat,0.00020527813190618992
laboratory,0.0001975540608404456,la,0.00019437492919008038,waters,0.0001389374474149979,york,0.00025558692991341876,cake,0.000180357945320234,james,0.0001988697144716382,cad,0.0001817644442793972,sac,0.0001990097567423512,sa,0.00014678338483623736,kan,0.00020527813181429012
lacrosse,0.0001975540607571728,gain,0.00019422546606875078,queens,0.00012561553466709492,yrs,0.0002555869298818416,cac,0.0001803579374449035,jensen,0.00019886971435866267,cac,0.0001817644441279366,sacks,0.00019900975665234467,radiation,0.00014186061203520529,young,0.0001784069989923947
labrador,0.00019755405310681228,gabon,0.00019422546604270667,quality,0.00012561553457723007,ab,0.0002147605239277199,cage,0.00018035793737023123,japanese,0.00019886971435824444,cabbage,0.0001817644441247363,safe,0.00019900975665141404,rabbit,0.00014186061201397647,yorkshire,0.00017840699882393002
labeling,0.0001975540530791559,gage,0.00019422546600297974,quantity,0.00012561553446435462,abc,0.00021476051599343254,cable,0.00018035793733514453,jake,0.0001988697143516104,caffeine,0.00018176443659041698,saints,0.00019900975664467673,radioactive,0.00014186061196346794,yeast,0.00017840699879827736
bacteria,0.00019530534464119585,gallon,0.0001942254659444464,queensland,0.00012561553442075717,safe,0.000208005262700485,cad,0.00018035793733226746,jargon,0.00019886971433351818,cable,0.00018176443654741337,sacrifice,0.00019900975664449981,racial,0.00014186060430307676,yield,0.00017840699878075907
bac,0.00019530534458552545,galloway,0.00019422545817346918,quantum,0.00012561552679539686,safety,0.00020800526254229784,cabinet,0.00018035793717940366,jacket,0.00019886971432626723,cake,0.0001817644365395707,sa,0.00019900974884491104,radiant,0.00014186060423586748,yakima,0.00017840699101134486
baby,0.0001953053445306865,gale,0.0001942254581734411,quantitative,0.000125615526704138,sacks,0.00020800526248863688,caffeine,0.0001803579294966132,jamaica,0.0001988697143149937,cabinet,0.0001817644365268082,sailors,0.00019900974879614406,radial,0.00014186060416501207,yrs,0.0001784069909190339
bacon,0.00019530533679710068,galactic,0.0001942254581687849,quarter,0.00012561552663710527,sa,0.00020800526242219006,cabbage,0.0001803579294309333,jacob,0.00019886971431118982,cage,0.0001817644364624718,saddle,0.00019900974875510037,race,0.00014186060412363754,yellow,0.00017840699088978793
backing,0.0001953053367481999,gala,0.000194225458167036,quiet,0.00012561552663590018,sac,0.0002080052547379833,ca,0.0001803579294225325,jaw,0.00019886971427558528,ca,0.0001817644363788908,macro,0.0001967403312202948,radical,0.00014186060409443339,york,0.0001784069908832073
background,0.00019530533672774828,gag,0.00019422545812183787,qd,0.00012561552663102555,sailors,0.0002080052547332142,quantitative,0.0001684456377757054,jack,0.00019886971423047526,quarter,0.00017067781883881643,machinery,0.00019674032343752483,jackson,0.00013972231839552796,yale,0.0001784069908131415
bacterial,0.00019530533668098938,backbone,0.00019268026796748593,quick,0.00012561552662891548,saints,0.0002080052547165611,qd,0.00016844562996742561,jennings,0.00019886971421404962,quarterly,0.00017067781883263637,machine,0.00019674031549936444,jamestown,0.0001397223183785219,abc,0.00015249587432231281
backbone,0.00019530533660176,bac,0.0001926802679623312,quartz,0.00012561552662596436,sacred,0.00020800525468170312,quartz,0.0001684456299621783,jerk,0.0001988697141607763,qd,0.00017067781876437113,mackay,0.00019674031545144363,jameson,0.00013972231064211053,ab,0.00015249586654630622
backward,0.00019530533659006442,bacon,0.000192680267844785,quasi,0.00012561552659589808,sacrifice,0.00020800525465878824,quality,0.00016844562995614872,jamestown,0.0001988697065768153,queensland,0.00017067781871954506,radiant,0.00019183657612055816,jaw,0.00013972231057075678,sacks,0.00014764496338343753
race,0.00019152910960434596,bacterial,0.00019268026015531266,qualitative,0.00012561552653334875,saddle,0.0002080052546547551,quart,0.0001684456299513726,waters,0.0001914854987040138,quality,0.00017067781114515855,radiation,0.00019183656830618927,japanese,0.000139722310557949,sa,0.0001476449633747879
racial,0.00019152910959205872,backward,0.00019268026013511436,quart,0.000125615526484422,radiation,0.00020039125845647737,quasi,0.0001684456299428343,weeks,0.00019148549081799147,quiet,0.00017067781111877414,race,0.00019183656830289137,jelly,0.0001397223105447084,sacrifice,0.00014764496333577297
radical,0.00019152910959142604,background,0.0001926802600436126,quilt,0.00012561552640978011,rabbit,0.00020039125842470727,quantity,0.0001684456299418344,fan,0.00018000217375224126,quart,0.0001706778111129499,radioactive,0.00019183656827981583,jacob,0.00013972231047689588,sailors,0.00014764496331842438
radiation,0.00019152910955219673,baby,0.00019268026002406123,quarterly,0.0001256155186914631,radioactive,0.00020039125833589682,qualitative,0.00016844562993900035,fac,0.00018000217366811097,quantum,0.00017067781106275243,radical,0.00019183656826291727,jamaica,0.000139722310443315,safe,0.0001476449632929717
radial,0.000191529109523695,backing,0.000192680259996376,packed,0.0001218485282463062,radiant,0.0002003912582872359,quarter,0.0001684456221834329,facilitate,0.00018000217363826386,quartz,0.00017067781100890908,rabbit,0.00019183656824948859,jensen,0.00013972230274399012,sac,0.00014764495545597936
radioactive,0.00019152910949264294,bacteria,0.0001926802599717679,pads,0.0001218485280148275,radical,0.00020039125827762456,queensland,0.00016844562218269973,fantasies,0.0001800021736165979,quasi,0.0001706778109861151,radial,0.0001918365682336171,james,0.0001397223027161908,saints,0.00014764495542195788
radiant,0.00019152910947081212,saddle,0.0001864583917979843,pain,0.00012184852795299914,racial,0.00020039125822677632,queens,0.00016844562218062633,fall,0.0001800021659289152,quantity,0.0001706778109791141,racial,0.00019183656819167635,jacket,0.00013972230269950996,safety,0.0001476449553514888
rabbit,0.0001915291015822812,sa,0.00018645839178031053,packing,0.00012184852790662498,race,0.00020039125818515415,quantum,0.00016844562211853519,family,0.00018000216586156584,quilt,0.00017067781097459232,japanese,0.00018895672072043353,jail,0.000139722302695674,saddle,0.00014764495534632822
jail,0.0001879458338389379,saints,0.00018645839174905471,pair,0.00012184852785701778,radial,0.00020039125042228972,quick,0.00016844562208282783,fading,0.00018000216582812807,queens,0.00017067781097292,jack,0.00018895672069624175,jar,0.0001397223026364797,sacred,0.00014764495527166372
jake,0.00018794583378142164,sac,0.0001864583917181139,pac,0.00012184852031751892,james,0.0001967603893995778,quilt,0.00016844562206073322,fans,0.0001800021658231901,quantitative,0.00017067781094969766,jail,0.0001889567206795877,jet,0.00013972230260751872,radioactive,0.00014269228023573027
jackson,0.00018794583377586589,sacred,0.00018645839171287985,painters,0.00012184852026136746,jack,0.00019676038937836525,quiet,0.0001684456220532403,factors,0.00018000216580033685,quick,0.00017067781088280637,james,0.00018895672066686505,jerk,0.00013972230259561957,rabbit,0.00014269227245518237
james,0.00018794583376097133,sailors,0.00018645839171016574,pacific,0.00012184852018894573,jackson,0.0001967603893676273,quarterly,0.00016844562192184126,facilitated,0.000180002165799817,qualitative,0.00017067780309163152,jackson,0.00018895672065532317,jennings,0.00013972230257022482,radial,0.0001426922723693666
jerk,0.00018794583375268342,sacks,0.0001864583916996362,pa,0.00012184852014356458,jacket,0.0001967603893458666,valentine,0.00016594587890132273,falls,0.00018000216579933042,val,0.0001674833789516632,jennings,0.0001889567206551688,jack,0.0001397223025383907,radiant,0.0001426922646740097
jet,0.00018794583364141912,sacrifice,0.00018645839165843254,painful,0.00012184852007491227,jacobs,0.00019676038933288302,value,0.0001659458788830252,far,0.00018000216579756455,vaccination,0.00016748337893654247,jacob,0.00018895672065100507,jake,0.0001397223025279298,racial,0.00014269226467237544
jaw,0.00018794583361479177,safe,0.0001864583916565589,paint,0.0001218485200660165,jacob,0.0001967603893234432,val,0.00016594587887325225,facing,0.00018000216577990151,valentines,0.00016748337883592317,jameson,0.00018895672064860654,jacobs,0.00013972230250276465,radiation,0.00014269226457596298
jelly,0.00018794583360233103,safety,0.00018645838382033963,pack,0.00012184852006189196,jaw,0.00019676038924157575,vacuum,0.00016594587886671497,families,0.00018000216577588967,vaccine,0.00016748337878612525,jet,0.0001889567206456459,jargon,0.0001397223024857699,race,0.00014269226454107474
jargon,0.0001879458259139418,mackay,0.00018369356788608255,pains,0.00012184852005031446,jake,0.00019676038923921362,vaccination,0.00016594587885097645,faint,0.00018000216576263497,valentine,0.00016748337123538863,jensen,0.0001889567206383842,weeks,0.0001363538823957391,radical,0.00014269226450137513
jennings,0.0001879458259138422,machinery,0.00018369356780018777,pad,0.00012184852001068304,jamestown,0.00019676038919448188,valium,0.000165945878777782,facilitating,0.0001800021657620283,valium,0.00016748337113724505,jargon,0.00018895672063504103,waters,0.00013635388231453412,jameson,0.00014058006232016312
jacob,0.00018794582589520551,macro,0.00018369356774310783,pale,0.00012184852000403484,jet,0.00019676038162382134,values,0.00016594587875439377,facilities,0.00018000216575965786,vaginal,0.0001674833710879727,jamestown,0.00018895672062318276,queens,0.00012036087061225589,japanese,0.00014058006230793142
jamaica,0.00018794582588902377,machine,0.0001836935599091057,paired,0.00012184851992135903,jennings,0.00019676038161468842,validity,0.00016594587874317124,failure,0.00018000216570641052,vagina,0.00016748337100071068,jacket,0.00018895672062163279,quarterly,0.0001203608704716707,jail,0.00014058006227467116
jacket,0.00018794582587080798,radial,0.000179822848809744,paddle,0.000121848519860755,jargon,0.00019676038161237693,valley,0.00016594587111215474,facility,0.00018000216566024826,values,0.0001674833709697546,jaw,0.00018895672062111142,qd,0.00012036087045655018,jacket,0.00014058006224786
jack,0.00018794582583671687,rabbit,0.00017982284876393582,page,0.00012184851985264764,jar,0.00019676038152331395,vagina,0.00016594587102921978,fabrication,0.00018000216562154067,value,0.00016748337096460697,jar,0.00018895672056903277,quality,0.00012036087045511155,jet,0.00014058006220639025
jar,0.00018794582577328107,radioactive,0.00017982284875212463,vaccination,0.00011422078760351038,jameson,0.00019676038150178302,vaccine,0.00016594587098802668,fahrenheit,0.00018000216561884445,vacuum,0.0001674833709591152,jelly,0.00018895672053115365,quartz,0.0001203608626895135,jaw,0.00014058006217970972
jensen,0.00018794582576967545,radiant,0.00017982284874314106,value,0.0001142207875947029,jail,0.00019676038149515644,valentines,0.00016594587088924605,fab,0.00018000215794426063,validity,0.00016748337095084947,jake,0.00018895671278344706,qualitative,0.00012036086254937832,jackson,0.0001405800621760578
jameson,0.00018794582576045038,racial,0.00017982284871660408,values,0.00011422077987114562,jamaica,0.00019676038145974352,vaginal,0.00016594587087755277,facial,0.0001800021579233163,valley,0.00016748336319688954,jamaica,0.0001889567127676869,quantitative,0.00012036086250650516,jar,0.0001405800621696215
jamestown,0.0001879458257604025,radical,0.00017982284871484653,val,0.000114220779653833,japanese,0.00019676038136017942,pair,0.00016308932300399578,fantasy,0.00018000215792206737,page,0.00016521884261988212,jerk,0.00018895671274971737,quantity,0.00012036086248063172,jack,0.00014058006212694902
japanese,0.00018794582572761326,radiation,0.00017982284866795817,validity,0.00011422077965201053,jelly,0.00019676038135073217,pains,0.00016308932297100703,factor,0.00018000215791036495,pack,0.00016521884260204214,jacobs,0.0001889567126485222,quiet,0.0001203608548635764,jake,0.00014058006204901327
jacobs,0.00018794582571148014,race,0.00017982284084230418,valley,0.00011422077961801377,jerk,0.000196760381311457,painful,0.0001630893229608095,faculties,0.00018000215790674252,packing,0.00016521884260196852,cad,0.0001713211844317845,queensland,0.00012036085474441218,jargon,0.00014058006204010944
macro,0.00018608023406833699,jacobs,0.00017728031886556797,valium,0.0001142207795054866,jensen,0.0001967603735200399,packing,0.0001630893229549905,face,0.0001800021578944114,pale,0.0001652188425976179,cabinet,0.00017132117655851493,quantum,0.00012036085471660571,jacobs,0.00014058006201543498
machine,0.0001860802339725386,jamestown,0.00017728031874860426,valentines,0.00011422077949196554,waters,0.00018963430595034646,pac,0.00016308932295225735,facilitation,0.00018000215787524135,paint,0.00016521884258966464,cake,0.00017132117653971378,quilt,0.0001203608547067243,jensen,0.00014058005439109648
mackay,0.00018608023387048386,jet,0.00017728031872923982,vaginal,0.00011422077942303534,weeks,0.00018963429006707411,packed,0.00016308932285279422,faculty,0.00018000215779416466,painters,0.0001652188425741343,cabbage,0.0001713211765339191,quick,0.00012036085466871179,james,0.00014058005438140326
machinery,0.00018608022616726467,jargon,0.0001772803186996636,vacuum,0.00011422077938173793,quarter,0.0001640438577101729,pads,0.00016308932279678564,queens,0.00016554571716275086,pair,0.0001652188348945235,caffeine,0.00017132117650342445,quasi,0.00012036085465153766,jelly,0.00014058005431054858
cabinet,0.00016191441984110238,japanese,0.00017728031094988404,vagina,0.00011422077177360957,quantitative,0.00016404385768273175,paired,0.0001630893227910315,quiet,0.00016554571705750158,painful,0.00016521883473777715,cac,0.000171321176418224,quarter,0.00012036085464796476,jennings,0.00014058005430168686
cage,0.00016191441970033455,jar,0.0001772803109118763,vaccine,0.00011422077170307868,queens,0.00016404385761941556,pale,0.00016308931520706398,quarterly,0.00016554571702879437,pain,0.00016521883472561075,cage,0.00017132116868614968,quart,0.00012036085457701358,jacob,0.00014058005426566638
ca,0.0001619144196637958,jensen,0.0001772803108788298,valentine,0.00011422077169406282,qd,0.00016404385759851946,pa,0.00016308931518830083,quantitative,0.00016554571700631672,pains,0.00016521883472330422,cable,0.0001713211686758469,packed,0.00011691427711493671,jamestown,0.00014058005426147082
cake,0.00016191441956064256,jameson,0.00017728031087721935,zinc,0.00011283412726159387,quantity,0.00016404385758575577,page,0.00016308931510434268,quarter,0.00016554570928521475,pa,0.00016521883472277415,ca,0.00017132116863799633,packing,0.0001169142768953978,jamaica,0.00014058005425953888
cabbage,0.00016191441186983073,jake,0.0001772803108358006,zero,0.00011283412720347777,quartz,0.0001640438499096992,pack,0.00016308931509490465,qualitative,0.0001655457092623047,pads,0.00016521883470201987,fall,0.00014768218359771345,pac,0.00011691427687815975,jerk,0.00014058005424524871
caffeine,0.00016191441178196623,jerk,0.0001772803108356748,zone,0.00011283411158454321,queensland,0.00016404384986828724,paint,0.0001630893150818647,queensland,0.00016554570918894446,pad,0.0001652188346926683,faculty,0.000147682183552994,paint,0.00011691427687015476,weeks,0.00013736927394266118
cac,0.0001619144117580408,jennings,0.00017728031083394445,zebra,0.00011283411152650163,quilt,0.00016404384984023725,painters,0.0001630893150724731,quality,0.00016554570918739234,paddle,0.00016521883467750988,fans,0.00014768218354777548,paddle,0.00011691427686082744,waters,0.00013736927389990707
cad,0.00016191441173660502,jacob,0.0001772803108314117,zoning,0.00011283411145990546,quick,0.00016404384976699806,pad,0.0001630893150695507,qd,0.00016554570918525844,pacific,0.00016521883466820103,factors,0.000147682183547461,painters,0.00011691426913137266,quartz,0.00012108906740044077
cable,0.00016191441168840497,james,0.00017728031082960818,zoloft,0.000112834111337507,quality,0.00016404384976409985,pacific,0.00016308931505029225,quasi,0.00016554570918332867,packed,0.00016521883461800412,factor,0.00014768218349521173,pads,0.00011691426906913381,queensland,0.00012108906730067747
falls,0.00014636032622968224,jamaica,0.0001772803108249397,zipper,0.00011283411133522157,qualitative,0.0001640438497222903,pain,0.00016308931496031423,quick,0.00016554570918257404,pac,0.00016521883460040521,facilities,0.0001476821834758575,pack,0.00011691426902167603,qd,0.00012108906722591505
fac,0.00014636032621579776,jackson,0.00017728031082469504,zeta,0.00011283411131612611,quarterly,0.0001640438497127772,paddle,0.0001630893149109468,quilt,0.00016554570915647618,paired,0.00016521883456988967,facilitation,0.00014768218347525962,page,0.00011691426902165192,quality,0.00012108906722303084
fading,0.00014636032613022008,jack,0.00017728031078124203,zones,0.00011283411129536114,quart,0.0001640438497079063,faint,0.00015731879567054704,quart,0.00016554570915366907,fantasies,0.00015932882027261977,facial,0.0001476821834745152,pain,0.0001169142690102747,quilt,0.00012108906722114432
faculty,0.00014636032608813878,jail,0.00017728031073384632,abi,9.665167020449518e-05,quasi,0.0001640438419779692,fall,0.00015731878808140438,quantum,0.0001655457090923859,failure,0.0001593288126084578,fabrication,0.0001476821834705523,pains,0.00011691426900471244,quick,0.00012108906711310299
fantasies,0.0001463603260630068,jelly,0.00017728030304022059,abbott,9.665167017817207e-05,quantum,0.00016404384187926273,facial,0.00015731878807913937,quantity,0.0001655457090255101,far,0.00015932881258859028,fan,0.00014768218346445966,painful,0.00011691426899922292,queens,0.00012108905949595805
factors,0.0001463603260317182,jaw,0.00017728030301223337,aa,9.665167015927717e-05,quiet,0.00016404384185134019,faculties,0.0001573187880790066,quartz,0.00016554570133989576,facilitate,0.00015932881255552802,faculties,0.00014768218346158831,pacific,0.00011691426898270091,quarterly,0.00012108905936732778
fabrication,0.0001463603259596263,jacket,0.00017728030295245583,abatement,9.665167011773926e-05,vagina,0.00015889049169950099,falls,0.00015731878799563864,value,0.00016039772623611362,falls,0.0001593288124650939,fab,0.00014768218340410793,paired,0.0001169142689657641,quantum,0.00012108905933647432
facilitated,0.00014636031838555994,cac,0.00016049916278395007,abe,9.66516700257697e-05,value,0.00015889049155176405,faculty,0.00015731878796985247,valentine,0.0001603977262301456,fading,0.00015932881245539403,facility,0.00014768218339228877,pa,0.00011691426893344637,quantitative,0.00012108905924259167
faculties,0.00014636031833556196,cage,0.00016049916267073873,abba,9.665167001569274e-05,valium,0.00015889049153760803,fans,0.00015731878796889368,vacuum,0.00016039772622624058,fab,0.00015932881245089907,face,0.00014768217577185562,pair,0.00011691426890978787,qualitative,0.00012108905922491415
fab,0.00014636031832927098,cad,0.00016049916261832122,aaa,9.665166993618752e-05,validity,0.00015889049140487555,facilitated,0.00015731878796251803,valium,0.00016039772614803233,factors,0.0001593288124373888,failure,0.0001476821757132055,pad,0.00011691426890074125,quantity,0.00012108905921650932
facial,0.00014636031831679667,caffeine,0.00016049915490870537,abbreviations,9.665166232090969e-05,valentine,0.00015889048368538568,fading,0.00015731878796079767,vaginal,0.0001603977261117388,fantasy,0.00015932881243438892,fac,0.00014768217569558877,pale,0.00011691426112073244,quart,0.00012108905916331373
face,0.00014636031830746397,cable,0.0001604991548532934,abdominal,9.665166207444122e-05,valley,0.00015889048367345314,factors,0.00015731878795014414,vaccine,0.0001603977260659559,facilitating,0.0001593288124296527,fantasy,0.0001476821756700873,validity,0.00011558606034599044,quiet,0.00012108905162550909
facility,0.00014636031830521362,cabbage,0.00016049915469336468,waterfall,8.110541778627479e-05,vaginal,0.00015889048366570812,families,0.0001573187879451568,valentines,0.00016039772597752953,facing,0.00015932881242695801,fading,0.00014768217566706211,valley,0.00011558605259566034,quasi,0.00012108905141913267
facilitate,0.000146360318302022,cabinet,0.00016049915462545264,wave,8.110541772402951e-05,vaccination,0.00015889048364815412,facilitate,0.00015731878793902746,vaccination,0.0001603977182311764,fan,0.0001593288124258568,family,0.00014768217565756258,valentines,0.00011558605257204408,quarter,0.00012108905136096888
fans,0.0001463603182912111,cake,0.00016049914698053507,watering,8.110541761612574e-05,vacuum,0.00015889048363174058,facility,0.00015731878793697686,valley,0.00016039771822610216,facial,0.00015932881242449845,fahrenheit,0.00014768217562523332,vaginal,0.00011558605254830918,pacific,0.00011762125624144201
fall,0.00014636031827119374,ca,0.00016049914691804406,walt,8.110541761607405e-05,valentines,0.00015889048356503764,fabrication,0.0001573187879346216,val,0.0001603977181040224,fabrication,0.00015932881240794333,families,0.00014768217561561477,value,0.00011558605253916304,packed,0.0001176212486496509
fantasy,0.00014636031827096235,fabrication,0.00014007811919351026,wavelength,8.110541743076478e-05,val,0.0001588904835196314,facilitation,0.00015731878792301396,validity,0.00016039771809375251,facilities,0.00015932881239963433,falls,0.00014768217559132287,val,0.00011558605246692562,painters,0.0001176212485409265
fahrenheit,0.00014636031824731866,factors,0.0001400781191933229,warmth,8.110540997470364e-05,vaccine,0.00015889048350031373,facilitating,0.00015731878791978084,vagina,0.00016039771038549726,fahrenheit,0.00015932881239657723,faint,0.0001476821755739021,valentine,0.00011558605246006033,pads,0.0001176212484869206
far,0.00014636031822958515,far,0.00014007811914521347,wash,8.110540993038803e-05,values,0.00015889047580469533,fan,0.0001573187879126672,values,0.00016039771037810465,family,0.00015932881237167154,facilitating,0.00014768217555449092,vaccination,0.00011558605244421506,pain,0.00011762124844611042
failure,0.00014636031821728317,fan,0.00014007811914414084,waking,8.110540990814214e-05,pad,0.00015883896321205633,fantasies,0.000157318787911442,paint,0.00016025959125878965,fans,0.00015932880472393606,facing,0.0001476821755127835,values,0.00011558605242042985,page,0.00011762124844603572
families,0.0001463603182140357,faint,0.00014007811914230247,weekend,8.110540985138595e-05,page,0.00015883896310908666,face,0.00015731878790870355,painters,0.0001602595911350375,fac,0.0001593288047150917,facilitated,0.00014768216779479458,vagina,0.00011558605241647875,pale,0.0001176212484367401
facing,0.00014636031820775542,facilitation,0.00014007811913805153,waveform,8.110540984662141e-05,pains,0.00015883896310683228,failure,0.00015731878786883578,packed,0.00016025959107474695,families,0.00015932880470660512,far,0.00014768216774239438,vacuum,0.00011558605233953794,pack,0.00011762124842481477
fan,0.00014636031819701564,facilities,0.00014007811913512494,ward,8.110540984278835e-05,pack,0.00015883895539952372,far,0.0001573187878553779,pa,0.00016025959100584553,face,0.00015932880467009963,facilitate,0.00014768216772907393,valium,0.0001155860445556176,pains,0.00011762124840873826
faint,0.00014636031818705917,failure,0.00014007811911821092,wax,8.110540984030207e-05,packing,0.00015883895538356985,fac,0.0001573187802222815,page,0.00016025959100469015,facilitation,0.00015932880467004634,fantasies,0.00014768216770384232,vaccine,0.00011558604453415099,paint,0.00011762124839215876
facilities,0.00014636031818511378,faculty,0.00014007811911254396,web,8.110540983469276e-05,painters,0.00015883895538255918,facing,0.00015731878020618716,paddle,0.0001602595909425705,fall,0.0001593288045910744,nan,0.00013249186876950085,zinc,0.00010007780525480592,paddle,0.00011762124837927027
facilitation,0.00014636031817526757,facility,0.00014007811910669081,watch,8.110540983438731e-05,pair,0.00015883895537717205,fab,0.00015731878010245633,paired,0.00016025958335985462,faculty,0.00015932880456074244,naples,0.00013249186091414037,zone,0.00010007780523861531,pad,0.00011762124836887632
family,0.00014636031815865508,family,0.00014007811910653445,waste,8.11054098343593e-05,pain,0.000158838955374096,factor,0.00015731878006434392,pair,0.0001602595833028879,facility,0.00015932880455226742,naked,0.0001324918608855231,zero,0.00010007780518791158,pair,0.00011762124835748344
factor,0.00014636031050162585,facilitate,0.00014007811910010372,warning,8.110540982990161e-05,painful,0.0001588389553635885,facilities,0.0001573187800458993,pain,0.0001602595832930271,factor,0.00015932880454976167,nail,0.0001324918608815558,zeta,0.00010007780514842268,pac,0.00011762124055147305
facilitating,0.0001463603102643874,facial,0.0001400781190965408,waves,8.110540981705726e-05,paint,0.00015883895535992237,fahrenheit,0.00015731878003652464,pack,0.00016025958327943923,faculties,0.00015932880454709898,na,0.00013249186087583526,zebra,0.00010007780513839306,painful,0.00011762124054515238
naples,0.00013499776536517983,faculties,0.00014007811909568093,wedge,8.1105409784818e-05,pads,0.0001588389553384704,fantasy,0.00015731877994389415,pale,0.00016025958326853023,faint,0.0001593288045309597,nairobi,0.00013249186086973372,zoloft,0.00010007780511179614,packing,0.0001176212405394041
nan,0.00013499776534669093,fahrenheit,0.00014007811904349394,walk,8.110540977359734e-05,packed,0.00015883895533592605,family,0.00015731877987459802,pains,0.00016025958326067557,facilitated,0.00015932880445056728,nano,0.00013249186084869548,zoning,0.00010007779740807525,pa,0.00011762124048595468
na,0.00013499776532532266,facilitating,0.0001400781113775816,watershed,8.110540976370131e-05,paddle,0.00015883895531373137,nail,0.00014058310276069067,pad,0.00016025958324995845,naples,0.0001429925369245233,nap,0.00013249186084594774,zones,0.00010007779727410001,paired,0.0001176212404441524
nail,0.00013499776526276972,facing,0.000140078111312177,websites,8.110540975039231e-05,paired,0.0001588389553087533,naples,0.00014058309490048098,pads,0.0001602595832300926,nail,0.00014299253690125283,nails,0.0001324918607596091,zipper,0.00010007778929639727,valentines,0.00011660352923355913
nairobi,0.00013499776516719508,fans,0.00014007811129455479,weather,8.110540974748482e-05,pacific,0.0001588389551992377,nairobi,0.0001405830948944811,pacific,0.00016025958322340503,nairobi,0.00014299253676226063,ear,0.00013020726719479965,abbott,8.774727013465182e-05,vagina,0.00011660352917909472
nails,0.00013499776515347797,fantasy,0.00014007811128941006,watkins,8.110540974547131e-05,pa,0.0001588389474714886,nails,0.0001405830948918578,pac,0.0001602595831704174,na,0.0001429925367522515,earth,0.00013020726717366342,abatement,8.774726999996343e-05,val,0.00011660352916299909
nano,0.00013499776514895795,fantasies,0.00014007811127823922,wards,8.110540973918959e-05,pale,0.00015883894747113233,naked,0.00014058309489042967,painful,0.00016025957539329011,nap,0.00014299253674302634,eaton,0.00013020726715462188,abi,8.77472699912411e-05,valentine,0.00011660352915292309
naked,0.0001349977651083337,families,0.00014007811126883114,watt,8.110540971324761e-05,pac,0.00015883894736382957,na,0.00014058309488234632,packing,0.00016025957537198373,nano,0.000142992536740009,echo,0.0001302072671539569,aaa,8.774726990077798e-05,values,0.00011660352912414242
nap,0.00013499775727473934,fab,0.0001400781112576755,watson,8.110540971046545e-05,zinc,0.00013290334535548474,nan,0.00014058309488089457,zoning,0.00013393115702285826,nails,0.00014299252901764462,eagle,0.00013020726715305458,abdominal,8.774726216782217e-05,vaccination,0.0001166035291078335
eastern,0.0001327884628913449,falls,0.00014007811121247399,waist,8.110540971022536e-05,zeta,0.00013290334505016357,nap,0.00014058309487090373,zinc,0.0001339311491913656,nan,0.00014299252890041344,early,0.0001302072671476036,abe,8.77472621586032e-05,vaccine,0.0001166035290395971
ear,0.0001327884552125756,fac,0.0001400781112022068,warren,8.110540970808707e-05,zones,0.00013290333735644985,nano,0.00014058309486619927,zones,0.0001339311491813763,naked,0.00014299252889855808,eastern,0.00013020726704254473,abbreviations,8.77472621257677e-05,vacuum,0.0001166035290083915
east,0.00013278845520860768,face,0.00014007811116643052,wall,8.110540970177e-05,zebra,0.00013290333733029008,ears,0.00013791336544440936,zebra,0.00013393114916758714,east,0.00014032380102074838,east,0.00013020725921095936,abba,8.774726208809869e-05,vaginal,0.0001166035214524463
echo,0.00013278845515060335,facilitated,0.0001400781111374372,walking,8.110540969933472e-05,zone,0.00013290333731942418,early,0.0001379133653557492,zoloft,0.0001339311490161773,ear,0.00014032380092306927,eating,0.00013020725919216924,aa,8.774725428053116e-05,valley,0.00011660352141313113
ears,0.00013278845513140446,fall,0.00014007811113566924,walker,8.110540969788594e-05,zipper,0.00013290333724847827,eating,0.00013791336531060014,zone,0.00013393114901082956,earth,0.00014032380090206922,ears,0.0001302072591529754,websites,7.987721983852295e-05,value,0.00011660352131815089
earth,0.00013278845508968637,factor,0.00014007811111625335,wandering,8.110540969465615e-05,zoning,0.0001329033371790408,eastern,0.00013791335760049753,zero,0.0001339311412537514,eagle,0.00014032380089374898,uganda,0.00012418879055724967,warmth,7.987721199914451e-05,valium,0.00011660352127061745
eaton,0.00013278845508236722,fading,0.0001400781034079807,weir,8.110540968561898e-05,zoloft,0.00013290333716640008,earth,0.00013791335751796058,zipper,0.00013393114123375508,early,0.0001403238008788927,ultimate,0.00012418879043186792,waist,7.987721198657026e-05,validity,0.00011660352124751987
eating,0.0001327884550514998,nap,0.00012840281508405253,wee,8.110540966973401e-05,zero,0.0001329033371592999,ear,0.00013791335751293856,zeta,0.00013393114116116785,eaton,0.00014032380087008632,ultram,0.0001241887826986149,washed,7.987721196023559e-05,zebra,0.00010027880226506072
eagle,0.00013278845503381632,nairobi,0.00012840281507931406,washing,8.110540966727504e-05,aa,0.0001158125469378838,east,0.00013791335750944954,abba,0.00011676537690543243,echo,0.0001403237930169432,ultrasound,0.00012418878268480812,warning,7.987721195450643e-05,zoning,0.00010027879457977237
early,0.0001327884550200808,nails,0.00012840280724699674,webster,8.110540964205444e-05,aaa,0.00011581254689214124,eagle,0.0001379133574996755,abe,0.00011676537686891465,ears,0.00014032379297983032,ultraviolet,0.00012418878263109842,walker,7.987721194877641e-05,zone,0.00010027879446749119
daily,0.0001259064697375424,naked,0.0001284028071685303,war,8.110540962644546e-05,abba,0.00011581254689057525,eaton,0.00013791334958522032,aaa,0.00011676537675028511,eating,0.00014032379296159187,ugly,0.00012418878262734535,watch,7.987721191965607e-05,zero,0.00010027879444134084
dam,0.00012590646204193432,naples,0.00012840280706909277,weak,8.110540961028942e-05,abe,0.00011581254679230006,echo,0.00013791334949219206,abbreviations,0.00011676537660941145,eastern,0.00014032378528558152,ultima,0.00012418878261389655,war,7.987721189493886e-05,zipper,0.00010027879427330344
dad,0.00012590646202664338,na,0.00012840280706091485,wear,8.110540959403136e-05,abatement,0.0001158125467719635,zoloft,0.00013260380531851716,abdominal,0.00011676536896812282,zipper,0.00013528479440979042,udp,0.0001241887825665122,webster,7.987721188330015e-05,zinc,0.00010027878670433756
dancing,0.0001259064619633605,nano,0.0001284027993409564,wasting,8.110540956178542e-05,abi,0.00011581254674587687,zinc,0.00013260379763380982,aa,0.00011676536892265613,zones,0.00013528479424394213,uae,0.00012418878255350118,watershed,7.987721187440155e-05,zeta,0.000100278786559423
dale,0.00012590646193081783,nail,0.00012840279928870034,warm,8.110540952963245e-05,abdominal,0.0001158125389924506,zeta,0.00013260379760215426,abbott,0.00011676536888302098,zinc,0.00013528479422034024,ultrasonic,0.0001241887747104464,waste,7.987720418244162e-05,zones,0.00010027878655421616
daisy,0.00012590646189559034,nan,0.00012840279920155176,water,8.110540951820447e-05,abbott,0.00011581253890387398,zone,0.00013260379756701546,abatement,0.00011676536886966041,zoning,0.0001352847941751739,dale,0.00012364261355859876,ward,7.98772041705549e-05,zoloft,0.00010027878651453997
dal,0.00012590646188472378,eagle,0.0001265382530106134,weight,8.110540946326132e-05,abbreviations,0.0001158125388749054,zero,0.00013260379756453627,abi,0.00011676536112432882,zero,0.00013528479417055414,damp,0.0001236426135516842,watt,7.987720415912665e-05,abdominal,8.797625921462937e-05
dan,0.00012590646186809676,early,0.00012653825299617218,washed,8.110540192767483e-05,walking,0.00010324943812449813,zipper,0.0001326037975375876,wear,0.00010401160153850253,zeta,0.00013528479408010037,dal,0.0001236426135245485,web,7.98772041559271e-05,abi,8.797625915555151e-05
dance,0.00012590646171045975,ears,0.00012653825297585051,weber,8.110540190399688e-05,waking,0.00010324943804409377,zoning,0.0001326037974433011,waste,0.00010401160153212574,zebra,0.0001352847940698951,daily,0.00012364261344191514,wedge,7.987720414991031e-05,abatement,8.797625915209978e-05
dana,0.0001259064540485471,east,0.0001265382528802694,fan,-0.0019054383725973442,watson,0.00010324943801138123,zones,0.00013260378975988297,waterfall,0.00010401160152791284,zoloft,0.00013528478631242845,dance,0.0001236426134160494,watkins,7.987720414676566e-05,abe,8.797625913121697e-05
dac,0.00012590645403835572,eastern,0.00012653824515476076,fall,-0.0019054383728298056,watering,0.0001032494380083051,zebra,0.00013260378971319497,wandering,0.00010401160152209796,zone,0.00013528478630492796,dancing,0.00012364260569847668,wave,7.987720414477153e-05,abbott,8.797625141717804e-05
dalton,0.00012590645401616972,echo,0.0001265382450740139,facial,-0.0019054383728313146,wedge,0.00010324943800516324,dal,0.00013080547715035341,web,0.00010401160151799206,dale,0.0001330312671036089,dana,0.00012364260567568916,wandering,7.987720413783224e-05,aa,8.797625134536859e-05
damp,0.00012590645399825705,eating,0.00012653824505831128,face,-0.001905438380554607,watkins,0.00010324943799117204,damp,0.0001308054771405596,weak,0.00010401160151086978,dalton,0.00013303125956138696,daisy,0.0001236426056666666,walk,7.987720411571914e-05,abba,8.797625127553997e-05
uganda,0.00012178725592862425,eaton,0.00012653824502987214,family,-0.0019054383805552542,waves,0.0001032494379889019,dale,0.00013080547712879983,waveform,0.00010401160150600172,dana,0.00013303125946454632,dalton,0.0001236426056565975,warm,7.987720409948844e-05,aaa,8.797625116451734e-05
uae,0.00012178725587011945,earth,0.00012653824501937343,faint,-0.0019054383806233438,websites,0.00010324943798731792,dad,0.00013080547711549862,washing,0.00010401160150571898,dam,0.00013303125939287063,dan,0.0001236426056444161,warren,7.987720409559547e-05,abbreviations,8.797624340383905e-05
ultrasound,0.00012178725578560776,ear,0.00012653824496597287,factor,-0.0019054383806362477,wave,0.00010324943797858167,dancing,0.00013080547699528597,waist,0.00010401160149903419,damp,0.00013303125937703773,dam,0.00012364260560182472,waking,7.987720408744254e-05,walking,8.041296687584005e-05
ultima,0.00012178724805629285,ultrasonic,0.0001234945509785201,fading,-0.0019054383806577306,warning,0.00010324943796320581,daily,0.00013080547698914732,walker,0.00010401160149618975,dal,0.00013303125937338614,dad,0.00012364260558678382,wards,7.987720408627194e-05,ward,8.041295906160813e-05
ultrasonic,0.00012178724795762746,ultima,0.00012349455091316186,facing,-0.0019054383806972293,wall,0.00010324943796014132,dana,0.00013080547697615216,wedge,0.00010401160149537502,dancing,0.0001330312593582664,dac,0.00012364260556875644,wear,7.987720408034341e-05,web,8.041295904318185e-05
ultram,0.000121787247951639,ultraviolet,0.00012349454323308412,fac,-0.0019054383807593342,warmth,0.0001032494379382825,dac,0.00013080547695626754,wasting,0.0001040116014887591,daisy,0.00013303125934908868,tags,0.00012195269334028723,weather,7.987720407980326e-05,washed,8.041295902398492e-05
udp,0.00012178724787311978,udp,0.00012349454321212966,falls,-0.0019054383807686382,walt,0.00010324943790003978,dalton,0.00013080546931859904,walk,0.00010401160148509268,daily,0.00013303125934876307,tab,0.00012195269331191165,wax,7.987720407945029e-05,warren,8.041295901299509e-05
ultimate,0.00012178724786718869,ultimate,0.0001234945432019995,factors,-0.0019054383807805822,web,0.0001032494378675166,dam,0.00013080546928727384,washed,0.00010401160148202317,dac,0.00013303125933007435,tag,0.00012195269322283969,waterfall,7.987720407706623e-05,watt,8.041295900382121e-05
ugly,0.00012178724786280784,ugly,0.00012349454315889458,facility,-0.0019054383807824249,weber,0.00010324943785968174,daisy,0.000130805469242937,weir,0.0001040116014683121,dance,0.00013303125932499288,tables,0.00012195269321336,watering,7.987720407575702e-05,waist,8.041295900119535e-05
ultraviolet,0.00012178724775965882,uae,0.000123494543148626,fab,-0.0019054383807918668,wee,0.00010324943025211184,dan,0.00013080546921189043,wavelength,0.00010401160142290606,dad,0.00013303125163826657,tactic,0.00012195269319119455,wash,7.987720407499942e-05,warm,8.041295899299418e-05
occult,0.00012167564997380808,ultram,0.0001234945430750832,fantasies,-0.0019054383807921558,waterfall,0.00010324943018303858,dance,0.00013080546909813385,walt,0.00010401160140172733,dan,0.00013303125132083118,tablet,0.00012195269316166305,waves,7.987720406503883e-05,weather,8.041295898979068e-05
obsession,0.00012167564989938355,ultrasound,0.00012349454306614076,faculty,-0.0019054383808114349,wear,0.00010324943016857657,occult,0.00012677010198339035,walking,0.00010401160139430751,obstetrics,0.00012884185150079724,tad,0.00012195269314358978,wee,7.98772040594532e-05,walker,8.04129589880751e-05
obscure,0.00012167564989817965,uganda,0.0001234945430147977,faculties,-0.0019054383808469741,weather,0.0001032494301547045,occupational,0.0001267701019760559,watering,0.00010401160138768725,oath,0.00012884185145509117,tac,0.00012195268546248361,walking,7.987720405564016e-05,walk,8.041295897604189e-05
obstetrics,0.00012167564988936517,tag,0.00012126291585179807,facilitated,-0.0019054383808786884,water,0.00010324943014480664,obese,0.00012677010197531072,watkins,0.00010401160138561511,oasis,0.00012884185140308829,taboo,0.00012195268538286618,weir,7.987720404209004e-05,wandering,8.041295897430467e-05
oasis,0.00012167564988544035,tables,0.00012126291579877627,facilitate,-0.0019054383884996072,weak,0.00010324943013443149,occasional,0.00012677010196938593,weather,0.00010401160138524011,obese,0.00012884185140280298,tail,0.00012195268537949404,washing,7.987720404033509e-05,waking,8.041295896766088e-05
oblique,0.0001216756498784931,tablet,0.00012126291578472901,facilitating,-0.0019054383885410812,watershed,0.0001032494301243738,obstruction,0.00012677010196612744,wave,0.00010401160138515788,occasional,0.00012884185139531914,tagged,0.00012195268535631063,weber,7.987720403488241e-05,warning,8.041295895668864e-05
occupancy,0.00012167564985842981,tack,0.00012126291577501464,fantasy,-0.0019054383885768235,war,0.00010324943012328936,obsession,0.00012677010194879888,weber,0.000104011601375603,obsession,0.00012884185138342013,tal,0.00012195268535065378,weak,7.987720402599537e-05,waves,8.041295894762401e-05
obstruction,0.00012167564985730053,tags,0.00012126291573333037,failure,-0.001905438388623523,warren,0.00010324943012163868,obscure,0.00012677010194376485,wee,0.00010401160137370435,oak,0.00012884185137007493,tailed,0.00012195268530505492,walt,7.98772040211722e-05,wee,8.041295894651084e-05
obesity,0.00012167564985318281,tad,0.000121262915729268,fahrenheit,-0.0019054383886313775,walker,0.00010324943010933648,oath,0.00012677010190457767,wall,0.00010401160136503964,oct,0.000128841851364994,tack,0.00012195268515947225,water,7.987720399504889e-05,warmth,8.04129589423084e-05
oakley,0.00012167564984501972,tail,0.00012126291572654531,fans,-0.0019054383886389,warm,0.00010324943010855122,occupancy,0.00012677010186906235,wards,0.00010401160135432653,occupancy,0.00012884184368116807,table,0.00012195267748765783,weekend,7.987720398701601e-05,watershed,8.041295889765831e-05
oak,0.00012167564983739137,tal,0.00012126291571218578,fabrication,-0.0019054383886423715,weekend,0.00010324943010530704,oak,0.00012677010183031857,watt,0.00010401160135187416,obesity,0.00012884184366374863,obsession,0.00011975441393121983,watson,7.987720397447039e-05,walt,8.04129588839637e-05
oct,0.00012167564983637562,tagged,0.00012126291571118255,far,-0.0019054383886478528,wards,0.00010324943010330455,obstetrics,0.00012677010181306146,warm,0.00010401160131141803,occupational,0.00012884184365713082,obstruction,0.00011975441387834897,waveform,7.98772039634967e-05,weekend,8.0412958872424e-05
object,0.00012167564983508913,taboo,0.00012126291570365456,facilitation,-0.0019054383886488867,webster,0.00010324943009827522,objective,0.0001267701018120752,waking,0.00010401159365436206,obstruction,0.00012884184364793692,occupancy,0.00011975441382571863,wasting,7.987720395411543e-05,wasting,8.041295885457982e-05
oath,0.00012167564981206884,tailed,0.00012126291564480628,families,-0.0019054383886671193,waveform,0.00010324943009253328,oblique,0.00012677010180909198,war,0.00010401159364762896,objective,0.00012884184363889925,occasional,0.00011975441381852173,wall,7.98772039498761e-05,wavelength,8.041295875530369e-05
objective,0.00012167564972412059,tactic,0.00012126291564087828,facilities,-0.0019054383886762053,wax,0.00010324943006642124,oakley,0.00012677010172700094,wash,0.00010401159364512991,occ,0.00012884184354029651,oakley,0.000119754413815383,wavelength,7.987720387346427e-05,wedge,8.041295121472265e-05
obese,0.00012167564972214734,tab,0.0001212629079694344,hair,-0.002246420469227131,wandering,0.0001032494300544579,object,0.0001267700940880703,watershed,0.00010401159364435075,occult,0.00012884184353505366,objective,0.00011975441380290441,weight,7.987719614111788e-05,wave,8.041295119141792e-05
occ,0.00012167564210215965,table,0.00012126290788876268,hacking,-0.002246420469398815,waste,0.00010324943001921555,obesity,0.0001267700939794133,waves,0.00010401159362512715,object,0.0001288418435209017,oct,0.0001197544137873096,facilitate,-0.006332991176320055,watkins,8.041295118524624e-05
occasional,0.00012167564197738063,tac,0.00012126290787016515,halls,-0.0022464204695247718,washing,0.00010324943001304975,occ,0.00012677009396707182,weekend,0.00010401159362439991,obscure,0.000128841843507194,oath,0.0001197544136919143,faculties,-0.006332991176330913,waste,8.041295117986767e-05
occupational,0.000121675641965244,dance,0.00012015930008093962,hack,-0.0022464204771480522,watt,0.0001032494300005567,oasis,0.00012677009396062385,watson,0.00010401159360405699,oblique,0.00012884184347404387,obscure,0.00011975440603004496,fan,-0.006332991176337832,websites,8.04129511173723e-05
tagged,0.00011954425089536455,daily,0.00012015930003290922,hai,-0.002246420477253545,wavelength,0.00010324942999867046,oct,0.00012677009393030945,wax,0.00010401159360185101,oakley,0.0001288418356623503,oak,0.00011975440602603744,fall,-0.006332991176386527,wards,8.041295110920249e-05
tables,0.00011954425083526684,dan,0.00012015930001328148,halfway,-0.0022464204772752157,wash,0.00010324942999859088,uae,0.00012659238212497692,warning,0.0001040115935976617,uae,0.00012866446217597196,oasis,0.00011975440597368309,fab,-0.006332991176420934,waterfall,8.041295109633762e-05
tac,0.0001195442507879937,damp,0.0001201593000070989,hall,-0.0022464204772892913,watch,0.00010324942999747885,ultrasonic,0.00012659237442735574,warmth,0.00010401159354088811,ultima,0.0001286644545034596,obstetrics,0.00011975440595814971,fac,-0.0063329911764237684,wear,8.041295109360938e-05
tablet,0.00011954425077024542,dal,0.00012015929999138065,hairy,-0.0022464204772910117,waist,0.00010324942999478788,ultimate,0.00012659237438456184,weight,0.00010401159352264382,udp,0.00012866445447670013,occ,0.00011975440595526092,facial,-0.006332991176462642,wax,8.041295108773987e-05
tailed,0.00011954424309213967,dana,0.00012015929990849222,half,-0.0022464204773441636,ward,0.00010324942999147022,udp,0.00012659237426586951,ward,0.00010401159351484185,ultrasound,0.00012866445445309317,oblique,0.0001197544059448317,fahrenheit,-0.006332991176472913,watering,8.04129510817998e-05
tactic,0.00011954424308279548,dale,0.00012015929989867462,habit,-0.002246420477460595,walk,0.00010324942998468132,ultrasound,0.00012659237426349302,webster,0.00010401159350785364,ultimate,0.0001286644544525929,obese,0.00011975440594414671,falls,-0.006332991176480737,webster,8.041295105354595e-05
tail,0.00011954424305345997,dad,0.00012015929988767121,habitat,-0.002246420477528525,weight,0.00010324942997464736,ultraviolet,0.0001265923742383273,water,0.00010401159350394146,ultram,0.00012866445435368663,occupational,0.00011975440594349502,fading,-0.006332991184128883,weight,8.041295104712652e-05
tal,0.00011954424303375746,dalton,0.00012015929988517687,hahn,-0.002246420485094252,weir,0.00010324942996693827,ugly,0.00012659237422463042,warren,0.00010401159349601623,uganda,0.00012866445434611196,object,0.00011975440593750672,face,-0.006332991184204563,water,8.041295103566727e-05
taboo,0.0001195442430330249,dam,0.00012015929986667133,ich,-0.002445364150821524,washed,0.00010324942995031084,ultima,0.00012659236643780552,websites,0.0001040115934651321,ultrasonic,0.00012866445434338728,obesity,0.00011975440593426846,fantasies,-0.006332991184206351,weak,8.041295102559266e-05
tad,0.00011954424300987763,dancing,0.00012015929981127352,iceland,-0.0024453641509171527,wasting,0.00010324942223564059,ultram,0.0001265923664214692,watch,0.00010401158564566695,ultraviolet,0.00012866445430043878,occult,0.00011975440587401111,facilitating,-0.00633299118422414,waveform,8.041295102503872e-05
tack,0.00011954424299238754,dac,0.00012015929207386076,ibn,-0.002445364150991079,cage,-0.0006875627224996582,uganda,0.00012659236641935986,labrador,-0.00037980109202004233,ugly,0.00012866445429305566,waist,-0.005872286059292639,family,-0.0063329911842247046,war,8.041295101680845e-05
tags,0.00011954424294214874,daisy,0.00012015928415661915,ics,-0.0024453641510474695,cabbage,-0.0006875627225190855,taboo,0.00012426671569362575,labeling,-0.0003798010920511758,tactic,0.0001262762835418412,walt,-0.005872286059292797,fans,-0.0063329911842373715,watch,8.041295101620535e-05
table,0.0001195442429072293,objective,0.0001160879349064042,ice,-0.002445364158695742,cad,-0.0006875627225210928,tags,0.00012426670796402366,labor,-0.0003798010921418539,taboo,0.0001262762835385174,watershed,-0.0058722860594038005,faint,-0.006332991184282308,weir,8.041295101617285e-05
tab,0.00011954424288331637,occupancy,0.00011608793485534619,ian,-0.0024453641586992345,cable,-0.0006875627301193392,tac,0.00012426670795538788,label,-0.0003798010921729534,tal,0.00012627628352069258,water,-0.0058722860670778546,fantasy,-0.006332991184301514,weber,8.041295101055996e-05
tag,0.00011954424287411282,obsession,0.00011608793472154313,ic,-0.0024453641589238804,caffeine,-0.0006875627302163627,tad,0.00012426670791788395,labeled,-0.00037980109221522653,tags,0.0001262762834274864,wavelength,-0.00587228606708069,facility,-0.006332991184308296,washing,8.041295100482723e-05
wee,-0.0015598738175707629,obscure,0.00011608793469961159,icon,-0.0024453641667253247,cac,-0.0006875627302519464,table,0.00012426670790452934,laboratory,-0.0003798010922920817,tail,0.00012627628342092373,waking,-0.00587228606709165,facilities,-0.0063329911843099055,wash,8.041295099116096e-05
warmth,-0.0015598738175909798,obese,0.00011608792704076669,ict,-0.002445364166854844,cabinet,-0.0006875627302691972,tagged,0.00012426670789278716,lacrosse,-0.00037980109994834466,tag,0.0001262762834111134,waveform,-0.005872286067109266,far,-0.006332991184319475,wall,8.041295098290468e-05
warm,-0.0015598738176356725,oath,0.00011608792702849406,gag,-0.002720182918263446,cake,-0.0006875627304046741,tablet,0.00012426670783158273,la,-0.00037980110005682847,tables,0.0001262762833939739,wedge,-0.005872286067121131,facilitation,-0.006332991184354296,watson,8.041295097077485e-05
watson,-0.0015598738176531715,oakley,0.00011608792700665681,gala,-0.002720182926024281,ca,-0.0006875627304082988,tab,0.0001242667078286438,lac,-0.00037980110007338093,tablet,0.0001262762833924521,weir,-0.005872286067126794,faculty,-0.006332991184360248,halfway,-0.005383680765676153
watershed,-0.001559873817722577,occasional,0.00011608792698528025,gage,-0.0027201829261517397,bacon,-0.0007403888124047916,tables,0.00012426670782230605,laboratories,-0.0003798011000905582,table,0.0001262762833612699,walk,-0.005872286067131013,families,-0.006332991184362215,hacking,-0.0053836807657751794
webster,-0.0015598738177330742,occupational,0.00011608792698032556,gabon,-0.002720182926195514,bacterial,-0.0007403888124274805,tal,0.0001242667077833514,machine,-0.0004480945619835223,tack,0.00012627628331465208,wash,-0.005872286067132267,failure,-0.006332991184371796,hairy,-0.005383680765790285
washing,-0.001559873817737692,obesity,0.00011608792697925842,gallon,-0.002720182926212746,background,-0.0007403888125493878,tag,0.00012426670007671,mackay,-0.0004480945621527572,tab,0.00012627627569708442,weak,-0.005872286067155268,facing,-0.006332991184384451,habit,-0.0053836807658001525
waist,-0.0015598738253190386,object,0.0001160879269721264,galactic,-0.002720182926255996,baby,-0.0007403888125539829,tail,0.00012426670007234086,machinery,-0.0004480945698536751,tac,0.00012627627566707105,waste,-0.005872286067169292,fabrication,-0.006332991184415957,hahn,-0.0053836807733909165
war,-0.0015598738253485831,oct,0.0001160879269643436,galloway,-0.00272018292627793,bac,-0.0007403888125541579,tactic,0.00012426669994572008,macro,-0.0004480945698892878,tad,0.00012627627563904515,warren,-0.005872286067178427,factor,-0.006332991184421731,hai,-0.00538368077350505
wear,-0.0015598738254021384,obstruction,0.000116087926956515,gain,-0.0027201829263916863,bacteria,-0.0007403888125874624,tailed,0.00012426669991894994,mac,-0.0009127268202983372,tagged,0.00012627627560958331,war,-0.005872286067180868,factors,-0.006332991192083607,hair,-0.005383680773535506
waste,-0.0015598738254210575,occult,0.00011608792695634541,gale,-0.0027201829264830715,backward,-0.0007403888203130389,tack,0.00012426669987369366,tailed,-0.0020150271523686814,tailed,0.00012627627550412386,webster,-0.005872286067185971,facilitated,-0.006332991192367043,hall,-0.005383680773563911
wave,-0.001559873825423394,oak,0.00011608792694624135,dale,-0.021492778191352063,backing,-0.0007403888203817269,abba,0.00011654250052380079,taboo,-0.0020150271524784166,abbreviations,0.00011856893399796329,wall,-0.005872286067197343,cabinet,-0.007381490301592004,hack,-0.005383680773575737
warren,-0.0015598738254254776,occ,0.0001160879269142169,daisy,-0.02149277819907182,backbone,-0.0007403888204156589,abatement,0.00011654249263478886,tac,-0.0020150271602255455,abba,0.00011856893389307428,warmth,-0.005872286067198024,cabbage,-0.007381490301602546,halls,-0.00538368077359775
watch,-0.0015598738254332318,obstetrics,0.00011608792687198814,dam,-0.02149277819913298,cal,-0.001391990014739548,abbott,0.00011654249259913932,tablet,-0.00201502716023192,abbott,0.00011856893387383316,watt,-0.005872286067209814,cage,-0.007381490301694028,half,-0.005383680773674875
wax,-0.0015598738254677742,oblique,0.0001160879268657695,dad,-0.02149277819914569,tablet,-0.0024738358515364158,abi,0.00011654249249405827,tad,-0.00201502716024705,abi,0.00011856893386799043,waterfall,-0.005872286067210609,cac,-0.0073814903094203,habitat,-0.005383680773808665
ward,-0.0015598738254813675,oasis,0.00011608792686355149,dancing,-0.021492778199152074,tactic,-0.0024738358515419127,aa,0.00011654248478019058,tables,-0.0020150271602574765,aa,0.00011856892618145268,warm,-0.005872286067214822,cad,-0.007381490309466706,ibn,-0.0058594924547665335
weber,-0.0015598738254832068,abatement,-0.005632798915115257,dalton,-0.021492778199195924,tags,-0.002473835851551866,aaa,0.00011654248476950128,table,-0.0020150271602763295,aaa,0.00011856892615664466,warning,-0.005872286067215789,cake,-0.00738149030947843,ice,-0.005859492462558116
wall,-0.0015598738254854274,aaa,-0.005632798915156914,daily,-0.021492778199244986,taboo,-0.0024738358515584485,abbreviations,0.00011654248473908346,tab,-0.002015027160341841,abatement,0.00011856892602219838,waves,-0.005872286067216789,caffeine,-0.007381490309487732,icon,-0.005859492462569295
warning,-0.0015598738254951284,abdominal,-0.0056327989151850446,dance,-0.021492778199266278,tac,-0.00247383585155861,abe,0.0001165424846358981,tag,-0.002015027160361526,abe,0.00011856892601182751,wards,-0.005872286067220731,cable,-0.007381490309561871,ic,-0.005859492462639617
water,-0.0015598738255222227,abbreviations,-0.005632798915212259,dac,-0.021492778199268973,tack,-0.0024738358515913167,abdominal,0.00011654248461138688,tags,-0.002015027160366057,abdominal,0.0001185689259682548,watson,-0.0058722860672250216,ca,-0.007381490309617954,ics,-0.005859492462651717
walking,-0.0015598738255286654,aa,-0.0056327989152908054,dal,-0.02149277819928492,tailed,-0.002473835851609123,wandering,0.00010619472786709503,tactic,-0.002015027160368219,watkins,0.00010728253795770961,walker,-0.005872286067234821,backbone,-0.00813231519523198,ian,-0.005859492462657454
wasting,-0.0015598738255329294,abi,-0.005632798915310172,damp,-0.02149277819928966,tab,-0.0024738358516516452,walt,0.00010619472785436107,tack,-0.002015027160400462,wave,0.00010728253795351266,websites,-0.00587228606724365,bac,-0.00813231519538388,iceland,-0.005859492462750787
waveform,-0.0015598738255446416,abba,-0.0056327989230684035,dan,-0.021492778199311224,tables,-0.002473835851669888,washing,0.00010619472783408535,tagged,-0.0020150271604043616,wavelength,0.00010728253788091709,ward,-0.005872286067300949,bacteria,-0.008132315203153894,ich,-0.005859492470492855
weekend,-0.0015598738255605809,abe,-0.005632798923126235,dana,-0.021492778207245936,tag,-0.0024738358593849393,water,0.00010619472783342674,tal,-0.0020150271604134178,warmth,0.0001072825378627877,walking,-0.005872286074960845,background,-0.008132315203213412,ict,-0.005859492470493762
wedge,-0.0015598738255962201,abbott,-0.0056327989232102015,echo,-0.02275235584756051,tail,-0.0024738358594092865,weight,0.00010619472782461215,tail,-0.0020150271679891143,watson,0.00010728253785723864,watch,-0.005872286074967095,backward,-0.00813231520321777,labor,-0.007887487581864779
waterfall,-0.0015598738255973152,xenical,-0.007109460660459636,eastern,-0.022752355847809297,table,-0.002473835859441426,watson,0.00010619472781833966,uganda,-0.0020563650120844616,web,0.00010728253784817299,washed,-0.005872286075015671,baby,-0.008132315203226511,laboratory,-0.007887487581963932
watering,-0.0015598738256025857,xiii,-0.007109460660460389,eaton,-0.022752355855525132,tal,-0.002473835859446509,wee,0.00010619472781666805,ultima,-0.002056365012085398,weather,0.00010728253784214595,wear,-0.00587228607504367,bacon,-0.008132315203276274,labeled,-0.00788748758969227
weight,-0.0015598738256038518,xii,-0.007109460668204785,earth,-0.022752355855537355,tagged,-0.0024738358594652453,webster,0.00010619472780342375,ultrasonic,-0.0020563650120905843,watershed,0.0001072825378349495,wee,-0.005872286075052729,backing,-0.008132315203340118,label,-0.007887487589704614
watkins,-0.001559873825607105,xanax,-0.007109460668351064,east,-0.022752355855540227,tad,-0.0024738358595801663,weber,0.00010619472780151906,ultram,-0.002056365012106452,weekend,0.00010728253782835032,wasting,-0.005872286075053049,bacterial,-0.008132315203387678,labrador,-0.007887487589765011
wash,-0.0015598738256093513,abc,-0.011284278504506284,ears,-0.0227523558555987,ultima,-0.0025245397739193797,wax,0.00010619472778783524,udp,-0.00205636501210864,watering,0.00010728253782653126,web,-0.005872286075065083,gag,-0.009028243703202578,labeling,-0.007887487589773416
washed,-0.0015598738256098537,ab,-0.011284278504573182,eating,-0.022752355855628383,ultrasound,-0.002524539773950289,war,0.0001061947277175786,ultimate,-0.0020563650121125155,walker,0.0001072825378254389,weekend,-0.005872286075065974,gala,-0.00902824371107476,lacrosse,-0.007887487589871327
weir,-0.0015598738256161282,pain,-0.017663678287706666,eagle,-0.022752355855694514,ultrasonic,-0.002524539781803314,wear,0.00010619472771424182,uae,-0.0020563650121253716,wall,0.00010728253782065292,wax,-0.005872286075067662,gabon,-0.009028243711158148,lac,-0.007887487589885665
wards,-0.0015598738256165962,pads,-0.017663678287732985,ear,-0.022752355863386475,uganda,-0.002524539781803892,warmth,0.00010619472771393361,ugly,-0.0020563650121318547,warning,0.0001072825377991843,weber,-0.0058722860750758075,gain,-0.009028243711215736,laboratories,-0.00788748758990961
websites,-0.0015598738256172998,packed,-0.017663678287739442,early,-0.02275235586338891,ultimate,-0.0025245397818257,walk,0.00010619472766816362,ultraviolet,-0.0020563650122656283,websites,0.00010728253778400916,watkins,-0.005872286075077492,galactic,-0.00902824371123696,la,-0.007887487589922764
web,-0.0015598738256199821,pair,-0.017663678287764766,obstetrics,-0.026454720577523027,ultram,-0.002524539781833671,walker,0.00010619472766347274,ultrasound,-0.0020563650199909344,walking,0.00010728253771944507,watering,-0.005872286075088046,gallon,-0.009028243711266964,machine,-0.008651388278043362
wandering,-0.001559873825634784,painful,-0.01766367828777655,occasional,-0.02645472057758168,udp,-0.002524539781841777,wards,0.00010619472765932348,ultra,-0.004129267718898842,waves,0.00010728253766639236,washing,-0.005872286075088772,galloway,-0.009028243711325547,mackay,-0.008651388278045376
walker,-0.0015598738256665428,pad,-0.01766367828778383,oath,-0.02645472057763604,uae,-0.0025245397818481436,warm,0.00010619472765922008,occupancy,-0.0043595011923259815,water,0.00010728253011557511,weather,-0.005872286075090102,gale,-0.009028243711361912,machinery,-0.008651388278095484
waking,-0.0015598738332937316,painters,-0.01766367828781693,oakley,-0.02645472057771372,ugly,-0.0025245397818500575,waves,0.00010619472765915302,occ,-0.004359501192327422,waveform,0.00010728253008013536,wave,-0.005872286075139513,gage,-0.00902824371909335,macro,-0.008651388278103453
walt,-0.0015598738332995004,paired,-0.017663678287861556,obese,-0.026454720577753128,ultraviolet,-0.002524539781857145,websites,0.00010619472764758932,oakley,-0.0043595011923401135,waterfall,0.00010728252999664883,weight,-0.0058722860751505845,cal,-0.014786381136870884,mac,-0.017326233191609607
weak,-0.0015598738333060505,pains,-0.017663678287895515,obsession,-0.026454720577814193,ultra,-0.005065944116708615,wash,0.00010619472756491513,oct,-0.004359501192355458,wandering,0.00010728252999277365,wandering,-0.005872286075195307,tad,-0.022594176367022403,table,-0.02893302136055811
wavelength,-0.0015598738333066002,paint,-0.017663678295592428,oct,-0.026454720585238813,dal,-0.007737804885349308,wasting,0.00010619472755965368,oath,-0.004359501192410107,washing,0.00010728252998089709,valley,-0.007603951535840918,tack,-0.02259417636702909,tags,-0.02893302136062159
weather,-0.0015598738333532814,packing,-0.01766367829559838,oasis,-0.02645472058530426,dan,-0.0077378048854006955,wavelength,0.00010619472013131497,occult,-0.00435950119243945,watch,0.00010728252996898426,validity,-0.007603951535906501,tables,-0.022594176367135253,tag,-0.028933021368272985
walk,-0.001559873833373447,pa,-0.017663678295608526,oak,-0.026454720585385793,dac,-0.007737804885403743,waking,0.00010619471996815754,occasional,-0.0043595012001049396,war,0.00010728252996802015,vagina,-0.007603951543666031,tail,-0.022594176367167575,tad,-0.02893302136828524
waves,-0.0015598738333743195,paddle,-0.01766367829562349,occupational,-0.026454720585385904,dam,-0.007737804885457755,walking,0.000106194719966744,oasis,-0.004359501200199161,weir,0.00010728252996643666,vaccination,-0.007603951543686998,tactic,-0.022594176367190483,tablet,-0.02893302136831835
watt,-0.0015598738334894487,pacific,-0.017663678295631226,oblique,-0.026454720585419828,dalton,-0.007737804885477571,weak,0.00010619471996438908,occupational,-0.0043595012002029445,waste,0.00010728252996586108,value,-0.007603951543714699,tagged,-0.022594176367201964,tab,-0.02893302136839238
york,-0.0021123703665395913,pac,-0.01766367829563492,occult,-0.02645472058551691,dance,-0.007737804885532082,wave,0.0001061947199554705,obesity,-0.004359501200209466,wash,0.00010728252996327656,vaginal,-0.007603951543719053,tac,-0.022594176367241415,taboo,-0.028933021368419562
yrs,-0.002112370374193808,page,-0.017663678295638956,obstruction,-0.026454720585611432,dana,-0.0077378048855482546,watch,0.00010619471994875333,obstruction,-0.0043595012002154735,wedge,0.0001072825299530794,vacuum,-0.007603951543738067,tags,-0.022594176367249048,tactic,-0.028933021368432888
yeast,-0.0021123703742369246,pale,-0.017663678295645153,obesity,-0.026454720593266326,daisy,-0.007737804893251964,weir,0.00010619471994451322,oak,-0.004359501200219571,warren,0.00010728252994522436,valentine,-0.007603951543738696,tablet,-0.022594176374897697,tailed,-0.028933021368450395
yale,-0.0021123703821728386,pack,-0.01766367829574257,obscure,-0.026454720593318416,dale,-0.007737804893354356,watt,0.00010619471993578456,obsession,-0.004359501200226643,webster,0.00010728252994444634,values,-0.007603951543777244,tag,-0.02259417637489842,tail,-0.02893302136845978
yield,-0.0021123703821826234,quantum,-0.018284291962500417,occ,-0.026454720593333363,dancing,-0.007737804893358547,waist,0.00010619471993375136,obstetrics,-0.004359501200248036,wasting,0.00010728252994165293,valentines,-0.007603951543788975,tab,-0.022594176374962034,tables,-0.028933021368472388
yorkshire,-0.0021123703821844127,quantity,-0.01828429196254901,occupancy,-0.02645472059338016,dad,-0.007737804893377005,wedge,0.00010619471993276518,obese,-0.004359501200339297,watt,0.00010728252993748838,vaccine,-0.007603951543793729,table,-0.022594176375002235,tac,-0.028933021368538314
yellow,-0.0021123703822071437,quartz,-0.018284291970377023,object,-0.02645472059341561,damp,-0.007737804893381631,warren,0.00010619471993176101,oblique,-0.004359501200357049,wax,0.00010728252991970075,valium,-0.0076039515438109115,taboo,-0.022594176375025213,tal,-0.028933021368659138
yakima,-0.002112370382219068,quarter,-0.01828429197039666,objective,-0.026454720593428308,daily,-0.0077378048933975435,warning,0.00010619471991243378,object,-0.004359501200362597,wear,0.00010728252985307712,val,-0.007603951543823061,tailed,-0.022594176375079558,tack,-0.028933021376162927
young,-0.002112370382226619,queensland,-0.01828429197043561,naked,-0.02957806634710584,early,-0.008191514563335535,waterfall,0.00010619471986008194,obscure,-0.004359501208081649,waking,0.00010728252984951273,zinc,-0.00775018272022402,tal,-0.02259417638304624,tagged,-0.028933021376399186
waters,-0.0031370770749353095,quiet,-0.01828429197047972,nano,-0.029578066347114334,ear,-0.008191514571036963,waste,0.0001061947198451501,objective,-0.004359501208095296,ward,0.00010728252981742747,zebra,-0.007750182720289346,ultimate,-0.02305580415444182,ultima,-0.02952405467885964
weeks,-0.003137077075065386,quantitative,-0.01828429197051589,nap,-0.029578066347337992,eating,-0.008191514571101692,watershed,0.00010619471984377872,nap,-0.004874977979440366,walk,0.0001072825298028751,zero,-0.007750182720328483,ultima,-0.023055804154442375,ultraviolet,-0.029524054679026013
zones,-0.014712932015853733,quilt,-0.018284291970560505,naples,-0.02957806634734044,ears,-0.008191514571124379,weekend,0.00010619471982626547,nairobi,-0.0048749779795376254,washed,0.00010728252978515061,zoloft,-0.007750182720395369,uganda,-0.02305580415446631,ultimate,-0.029524054686726982
zebra,-0.014712932015860585,quick,-0.018284291978186058,nan,-0.029578066347374397,earth,-0.008191514571130357,weather,0.00010619471982088578,naples,-0.004874977987290705,walt,0.00010728252223498455,zipper,-0.007750182728144522,ugly,-0.02305580416223767,uae,-0.029524054686747552
zero,-0.014712932015863597,qualitative,-0.018284291978213497,nails,-0.029578066354890166,eagle,-0.008191514571175364,watering,0.00010619471981865678,na,-0.004874977987424124,weak,0.00010728252212518608,zoning,-0.00775018272814772,ultrasound,-0.023055804162299895,ultram,-0.029524054686767002
zinc,-0.014712932015896225,quarterly,-0.01828429197822923,nail,-0.02957806635497278,east,-0.008191514571189462,wall,0.00010619471981437849,nano,-0.004874977987431281,weight,0.00010728252209763901,zeta,-0.007750182728169203,ultram,-0.02305580416237074,ultrasonic,-0.029524054686860632
zone,-0.014712932015931462,qd,-0.018284291978286883,nairobi,-0.029578066355040615,eastern,-0.008191514571199751,ward,0.00010619471981155549,nails,-0.004874977987436384,wee,0.00010728252208829346,zone,-0.007750182736071671,udp,-0.023055804162517568,ugly,-0.029524054694513385
zipper,-0.01471293201593911,quality,-0.0182842919783329,na,-0.02957806635515775,echo,-0.008191514571295988,watkins,0.00010619471981148419,nan,-0.00487497798743787,weber,0.00010728252207876109,zones,-0.007750182736105067,uae,-0.02305580417025231,ultrasound,-0.029524054694536755
zoning,-0.014712932023683413,queens,-0.01828429197833367,da,-0.04300882976149851,eaton,-0.008191514579086723,washed,0.00010619471977658662,nail,-0.004874977995163127,waist,0.00010728252207635069,waters,-0.011762002244322512,ultrasonic,-0.023055804170296228,uganda,-0.029524054694560098
zoloft,-0.014712932023723271,quart,-0.018284291978335913,ea,-0.045527985081857236,da,-0.015492474333588371,web,0.0001061947120622129,naked,-0.004874977995301582,wards,0.00010728252206076985,weeks,-0.01176200224435039,ultraviolet,-0.023055804170372427,udp,-0.029524054694812108
zeta,-0.014712932023733683,quasi,-0.018284291978423503,nad,-0.05917940607310101,ea,-0.016399893704287787,waveform,0.00010619471193316755,nad,-0.00976649366029081,warm,0.00010728252189077805,vac,-0.01522533301569791,ultra,-0.04613500884959605,ultra,-0.05907156600855625
